country_code,similar_country_code
ABW,CUW
ABW,SXM
ABW,MHL
AIA,VGB
AIA,TCA
AIA,MAF
AND,LIE
AND,CYP
AND,MCO
ARM,GEO
ARM,AZE
ARM,ALB
ASM,GUM
ASM,MNP
ASM,WSM
ATA,ATF
ATA,HMD
ATA,SGS
ATF,HMD
ATF,BVT
ATF,SGS
ATG,KNA
ATG,MDG
ATG,VCT
AZE,GEO
AZE,KAZ
AZE,UZB
BES,ABW
BES,CUW
BES,SXM
BHR,ARE
BHR,QAT
BHR,OMN
BLM,MAF
BLM,SXM
BLM,GLP
BMU,MHL
BVT,ATF
BVT,HMD
BVT,SGS
CAF,TCD
CAF,SSD
CAF,NER
CAN,USA
CCK,CXR
CCK,NFK
CCK,HMD
CHI,GBR
CHN,JPN
CHN,IND
CHN,VNM
CMR,COG
CMR,GAB
CMR,NGA
COG,GAB
COG,CMR
COG,GNQ
COM,MDG
COM,MUS
COM,SYC
CPV,STP
CPV,COM
CPV,MUS
CUB,JAM
CUB,DOM
CUB,PRI
CUW,ABW
CUW,MHL
CXR,CCK
CXR,NFK
CXR,HMD
CYM,VGB
CYM,TCA
CYM,BMU
DJI,ERI
DJI,SOM
DJI,YEM
DMA,KNA
DMA,VCT
DMA,LCA
DZA,MAR
DZA,TUN
DZA,LBY
ERI,DJI
ERI,SOM
ERI,SDN
ESH,MAR
ESH,MRT
ESH,DZA
FLK,SGS
FLK,SHN
FLK,BVT
FRO,ISL
FRO,GRL
FSM,MHL
FSM,KIR
FSM,PLW
GAB,GNQ
GAB,COG
GAB,AGO
GGY,JEY
GGY,IMN
GGY,BMU
GIB,MLT
GIB,AND
GIB,LIE
GLP,MTQ
GLP,MAF
GLP,BLM
GNQ,GAB
GNQ,COG
GNQ,STP
GRL,ISL
GRL,FRO
GUF,SUR
GUF,GUY
GUF,MTQ
GUM,MNP
GUM,ASM
GUM,PLW
HKG,MAC
HKG,SGP
HKG,CHN
HMD,ATF
HMD,BVT
HMD,SGS
HTI,NIC
HTI,JAM
HTI,HND
IMN,CHI
IMN,GBR
IOT,HMD
IOT,CCK
IOT,CXR
JAM,BRB
JAM,TTO
JAM,BHS
JEY,GGY
JEY,IMN
JEY,BMU
KAZ,UZB
KAZ,TKM
KAZ,AZE
KOR,JPN
KOR,CHN
KNA,ATG
KNA,DMA
KNA,VCT
KWT,QAT
KWT,BHR
KWT,OMN
LBY,DZA
LBY,TUN
LBY,EGY
LCA,VCT
LCA,DMA
LCA,ATG
LIE,CYP
LIE,SMR
LIE,MCO
MAC,HKG
MAC,SGP
MAC,CHN
MAF,SXM
MAF,MDG
MAR,TUN
MAR,DZA
MAR,EGY
MCO,CYP
MCO,LIE
MCO,SMR
MDA,UKR
MDA,GEO
MDA,ALB
MLT,CYP
MLT,MNE
MLT,ISL
MNP,GUM
MNP,ASM
MNP,PLW
MRT,TCD
MRT,NER
MTQ,GLP
MTQ,MAF
MTQ,BLM
MWI,MOZ
MWI,ZMB
MWI,TZA
MYS,THA
MYS,IDN
MYS,VNM
MYT,REU
MYT,COM
MYT,MUS
NCL,WSM
NFK,CCK
NFK,CXR
NFK,HMD
NIC,HND
NIC,GTM
NIC,SLV
NZL,AUS
OMN,QAT
OMN,ARE
OMN,BHR
PCN,TKL
PCN,NIU
PCN,NFK
PRI,PAN
PRI,TTO
PRI,JAM
PRK,VNM
PRK,LAO
PRK,MMR
PRY,BOL
PRY,PER
PRY,URY
PYF,WSM
QAT,KWT
QAT,BHR
QAT,ARE
REU,MYT
REU,MUS
REU,COM
SAU,ARE
SAU,QAT
SAU,ARE
SGS,FLK
SGS,BVT
SGS,ATF
SHN,FLK
SHN,PCN
SHN,NFK
SJM,GRL
SJM,FRO
SJM,ISL
SLB,VUT
SLB,PNG
SLB,FJI
SMR,CYP
SMR,LIE
SMR,MCO
SPM,BMU
SPM,JEY
SPM,GGY
SSD,TCD
SSD,CAF
SSD,ERI
SXM,ABW
SXM,CUW
SXM,MAF
SYR,IRQ
SYR,JOR
SYR,LBN
TCA,CYM
TCA,VGB
TCA,ABW
TCD,CAF
TCD,NER
TCD,SSD
TKM,UZB
TKM,KAZ
TKM,AZE
TWN,KOR
TWN,JPN
TWN,HKG
UMI,PCN
UMI,NFK
UMI,CXR
UZB,KAZ
UZB,TKM
UZB,KGZ
VAT,SMR
VAT,MCO
VAT,CYP
VCT,LCA
VCT,DMA
VCT,ATG
VEN,COL
VEN,ECU
VEN,PER
VGB,CYM
VGB,TCA
VGB,ABW
VIR,VGB
VIR,ABW
VIR,CUW
YEM,SOM
YEM,SDN
YEM,ERI
