week,pac,cr_box,baghouse,repurposed_pac,repurposed_cr_box,repurposed_baghouse
1,0.0,0.0,0.0,0.0,0.0,0.0
2,21496279.041751686,165641888.95803654,4885630.998965127,0.0,0.0,0.0
3,113124634.72108746,871856715.9630088,25591903.661856554,127920345.42880204,131754453.1174537,20608894.06102784
4,210831247.04160264,1622945543.9948885,47575270.19981151,255840690.8576041,263508906.2349074,41217788.12205568
5,247191963.22221208,1921438542.156857,56079613.9030057,383761036.28640616,395263359.3523611,61826682.18308352
6,290710575.8995649,2249369358.761606,66608288.752218775,511681381.7152082,527017812.4698148,82435576.24411136
7,339492275.0697309,2629242748.153852,77926630.7894071,639601727.1440103,658772265.5872686,82435576.24411136
8,394039966.60599303,3032373220.94263,90247298.50363018,767522072.5728123,790526718.7047222,82435576.24411136
9,451444144.37752044,3491257690.3359585,103504391.00306219,895442418.0016143,922281171.822176,82435576.24411136
10,516118549.6940007,4004376168.1303024,118762810.75012413,1023362763.4304163,1054035624.9396296,82435576.24411136
11,588330404.8695562,4529290951.858039,135046036.10605928,1151283108.8592184,1185790078.0570834,82435576.24411136
12,664621689.7541873,5146122887.835897,151899540.01045197,1279203454.2880206,1317544531.1745372,82435576.24411136
13,743969104.4790033,5760920107.899262,171146535.12239355,1407123799.7168226,1449298984.2919908,82435576.24411136
14,826301826.7985764,6395133209.590624,190850563.3220538,1535044145.1456246,1581053437.4094443,82435576.24411136
15,912251615.6303928,7084692850.300686,210683456.92268747,1535044145.1456246,1581053437.4094443,82435576.24411136
16,999080527.3652589,7730354239.161957,231062758.71235526,1535044145.1456246,1581053437.4094443,82435576.24411136
17,1082254726.4271023,8374848325.11101,250902790.28057256,1535044145.1456246,1581053437.4094443,82435576.24411136
18,1166628176.6079543,9027346600.06823,270254096.4854628,1535044145.1456246,1581053437.4094443,82435576.24411136
19,1249663643.0360177,9685939608.731256,290495558.73418266,1535044145.1456246,1581053437.4094443,82435576.24411136
20,1337041243.0473602,10354522527.322796,311246965.2795228,1535044145.1456246,1581053437.4094443,82435576.24411136
21,1421507390.6214585,11022299989.962868,331484750.55985606,1535044145.1456246,1581053437.4094443,82435576.24411136
22,1507045186.8399057,11698249377.618237,351544094.02657056,1535044145.1456246,1581053437.4094443,82435576.24411136
23,1593356543.1211705,12364992159.769293,371678898.35263675,1535044145.1456246,1581053437.4094443,82435576.24411136
24,1680612136.9298186,13006174049.028214,390921408.5755139,1535044145.1456246,1581053437.4094443,82435576.24411136
25,1767867730.7384663,13670651074.005442,410729304.301916,1535044145.1456246,1581053437.4094443,82435576.24411136
26,1855123324.5471146,14329360599.947765,430792960.8916725,1535044145.1456246,1581053437.4094443,82435576.24411136
