region,week,coverage_median,coverage_lower,coverage_upper,interval_percent
Australia and New Zealand,1,0.0,0.0,0.0,90.0
Australia and New Zealand,2,0.0010820806546267769,0.0006269984591712301,0.0017348970674712885,90.0
Australia and New Zealand,3,0.007708969476279151,0.004524443786376809,0.012342523142135785,90.0
Australia and New Zealand,4,0.014605457911920177,0.008530978205514699,0.023498994345883373,90.0
Australia and New Zealand,5,0.018496887750638673,0.010826280063388025,0.029755588863591927,90.0
Australia and New Zealand,6,0.022653602827083164,0.013173533491986637,0.036722494208277126,90.0
Australia and New Zealand,7,0.027055689396344673,0.015499131254488513,0.04419334517221373,90.0
Australia and New Zealand,8,0.031638344674957325,0.01802334483550107,0.05188975335935113,90.0
Australia and New Zealand,9,0.03644204399769587,0.020600742855326655,0.059390978942470196,90.0
Australia and New Zealand,10,0.04143678805240915,0.023211746127384424,0.067955336378955,90.0
Australia and New Zealand,11,0.046612974732806525,0.025951554420097753,0.07679175643375252,90.0
Australia and New Zealand,12,0.051893460942638754,0.02886220977606827,0.08614984784929494,90.0
Australia and New Zealand,13,0.05760893537750206,0.03192517787073244,0.09621749077614403,90.0
Australia and New Zealand,14,0.06325339676165881,0.034871106448219745,0.10742942086255435,90.0
Australia and New Zealand,15,0.06705074361570257,0.036641914629773974,0.11423700689668419,90.0
Australia and New Zealand,16,0.07070471538354486,0.03873494021897388,0.12124814324096825,90.0
Australia and New Zealand,17,0.07451106442240452,0.04056264986907455,0.1290316973706677,90.0
Australia and New Zealand,18,0.07838371289630316,0.04258419345288088,0.13655639795795946,90.0
Australia and New Zealand,19,0.08235261331719362,0.044856369978712334,0.1437030871997133,90.0
Australia and New Zealand,20,0.08664505234620147,0.046913840729104414,0.15171622443698216,90.0
Australia and New Zealand,21,0.09049763754430179,0.0485223856259605,0.15928357183339414,90.0
Australia and New Zealand,22,0.09435846965034644,0.050281146768887994,0.1664090766408906,90.0
Australia and New Zealand,23,0.09796712502575172,0.05218762844133602,0.17197977179301327,90.0
Australia and New Zealand,24,0.10170420296241842,0.054094110113784045,0.18009817852985505,90.0
Australia and New Zealand,25,0.10542842574027277,0.056034667436009676,0.1887014431379675,90.0
Australia and New Zealand,26,0.10897918524476174,0.057975530506209884,0.196502650440404,90.0
Caribbean,1,0.0,0.0,0.0,90.0
Caribbean,2,0.000172873514153993,9.04437411525461e-05,0.0002901791128476003,90.0
Caribbean,3,0.0012007817964639709,0.0006358861747344449,0.0019951819116878766,90.0
Caribbean,4,0.0022619595667877665,0.0012016696739892664,0.0037749274063942767,90.0
Caribbean,5,0.002843391266173015,0.0015136609732407632,0.0047577536733402126,90.0
Caribbean,6,0.0034546831767466903,0.001854212235567814,0.005825308943613415,90.0
Caribbean,7,0.004100226856302226,0.0021995576325964813,0.006925870765008461,90.0
Caribbean,8,0.004771438968033269,0.0025477211175561117,0.00818924216434926,90.0
Caribbean,9,0.00549506236176905,0.0029058433524257517,0.009456804660656806,90.0
Caribbean,10,0.006233944877600026,0.0032832760159818377,0.010827444109976393,90.0
Caribbean,11,0.006988175304550144,0.0036673717730323204,0.012257684964384428,90.0
Caribbean,12,0.007805082790111429,0.00407017185043471,0.013798831781056713,90.0
Caribbean,13,0.0086603859574074,0.00448748363506029,0.01533377158283799,90.0
Caribbean,14,0.009541235991153519,0.004944582367612362,0.017008729103600455,90.0
Caribbean,15,0.010120457218691384,0.0052565201803635355,0.01833290976356095,90.0
Caribbean,16,0.010715726392279384,0.005581224730861047,0.019636107158592268,90.0
Caribbean,17,0.011298095393728048,0.005868061507597331,0.0207646475647624,90.0
Caribbean,18,0.011942424060909056,0.006166806499663388,0.02192216681307913,90.0
Caribbean,19,0.01262232010813524,0.006442380487644037,0.02314519334989613,90.0
Caribbean,20,0.013185855737358004,0.006706501672538075,0.02436467341062226,90.0
Caribbean,21,0.013813825545707408,0.006994890810809519,0.025728336953786637,90.0
Caribbean,22,0.01443186822333919,0.007284734921083469,0.027125837342183264,90.0
Caribbean,23,0.015036009914784706,0.007562497421281309,0.02852265921104799,90.0
Caribbean,24,0.01565120062419098,0.007865124865502865,0.02972010534392526,90.0
Caribbean,25,0.016273374877067343,0.008155514680094065,0.03096452490461148,90.0
Caribbean,26,0.016859459038992032,0.008451757824949604,0.032190493136809765,90.0
Central America,1,0.0,0.0,0.0,90.0
Central America,2,0.0010761284534029122,0.0006316892208934455,0.0016920787767172045,90.0
Central America,3,0.007140398077699844,0.004138162486151416,0.010986279282708464,90.0
Central America,4,0.013493775110071517,0.007796423873397622,0.020815813041989074,90.0
Central America,5,0.0168295348333335,0.009769838580253268,0.026123877935011575,90.0
Central America,6,0.020410876824060335,0.011814622211989157,0.032044791591355315,90.0
Central America,7,0.02413046908070135,0.013716026147379596,0.038529250221346026,90.0
Central America,8,0.02797434625843693,0.01582462853365328,0.04496557544803586,90.0
Central America,9,0.032049190975716596,0.018085838108660046,0.05216984807357834,90.0
Central America,10,0.03650404281777524,0.020304953182362136,0.05946838577791809,90.0
Central America,11,0.04137572454076378,0.023014544532628262,0.06744000851266108,90.0
Central America,12,0.04602610397384746,0.025560088431154454,0.07541375562102888,90.0
Central America,13,0.05098888609426959,0.02793670490646782,0.08382566049072779,90.0
Central America,14,0.05598321018478965,0.03030111629375164,0.09319992690991581,90.0
Central America,15,0.060168819117770826,0.03267410981404081,0.10064313272008073,90.0
Central America,16,0.06410137004405081,0.034693145946452175,0.10731078957594142,90.0
Central America,17,0.06806242824324607,0.03707488330521278,0.11300521244314765,90.0
Central America,18,0.0719811518374549,0.03926377239160476,0.11980751954073539,90.0
Central America,19,0.07572132906101295,0.04157750351297925,0.12704602194428413,90.0
Central America,20,0.07972597064536116,0.04366623159116337,0.1345227004247462,90.0
Central America,21,0.08340876509282523,0.045258627358416695,0.141291305484114,90.0
Central America,22,0.08738159542207632,0.04685654621690746,0.14819552738758812,90.0
Central America,23,0.09128426599637823,0.048713255099684064,0.15576168616774033,90.0
Central America,24,0.09508955148466927,0.050644205374729044,0.16316967921219883,90.0
Central America,25,0.09909022693291407,0.052416928510275025,0.170923496463564,90.0
Central America,26,0.1027548012145229,0.05439876609374646,0.17853854561447857,90.0
Central Asia,1,0.0,0.0,0.0,90.0
Central Asia,2,0.001154735948366316,0.000657152481249263,0.0019124948336811602,90.0
Central Asia,3,0.00752644279690236,0.00439700580014908,0.012431925327154321,90.0
Central Asia,4,0.01417505076358723,0.008306601832621727,0.023408672800896053,90.0
Central Asia,5,0.01756284912654789,0.010267814188653251,0.029288060054317864,90.0
Central Asia,6,0.02126933510792154,0.012346816263733679,0.03570216772112405,90.0
Central Asia,7,0.02501654401881318,0.01435973837307598,0.04243400199431612,90.0
Central Asia,8,0.029065727285355905,0.016443426014477968,0.04968586704558336,90.0
Central Asia,9,0.0333866026719324,0.01864162533907841,0.05719816866986197,90.0
Central Asia,10,0.03794909623183361,0.020989028577487336,0.0656444992788202,90.0
Central Asia,11,0.04281253450966611,0.023660130548278938,0.0747991688458543,90.0
Central Asia,12,0.04772797612258506,0.026481094767300158,0.08433285629212547,90.0
Central Asia,13,0.052953418632809085,0.029299729181807097,0.09381335929207268,90.0
Central Asia,14,0.05855345779375679,0.03189537148116885,0.10478032572881202,90.0
Central Asia,15,0.06269521479422388,0.03375693754220624,0.11265055420988195,90.0
Central Asia,16,0.0666862866592533,0.03581145757444199,0.11985829118126692,90.0
Central Asia,17,0.07071461774217874,0.03771656359879328,0.1291199356894648,90.0
Central Asia,18,0.07486496495991077,0.03976011479492266,0.13740715992321662,90.0
Central Asia,19,0.07916819511645617,0.04156532228897294,0.1456103542301782,90.0
Central Asia,20,0.08302715789857731,0.043656251811447166,0.15381784863413273,90.0
Central Asia,21,0.08716864723274415,0.04583202967292828,0.1619473815879896,90.0
Central Asia,22,0.0913140979173887,0.04800780753440941,0.1696298958630422,90.0
Central Asia,23,0.09523422819803407,0.05003336590894849,0.17828325922826668,90.0
Central Asia,24,0.09951091806376211,0.05203940533024574,0.18526190771271345,90.0
Central Asia,25,0.10371933459796118,0.05403926267719553,0.19365467978120834,90.0
Central Asia,26,0.10772274850456849,0.05603912002414531,0.20206080854850755,90.0
Eastern Africa,1,0.0,0.0,0.0,90.0
Eastern Africa,2,0.0,0.0,7.788124797205493e-05,90.0
Eastern Africa,3,0.0,0.0,0.0004744532266443672,90.0
Eastern Africa,4,0.0,0.0,0.0008921496672061755,90.0
Eastern Africa,5,0.0,0.0,0.001084966925240497,90.0
Eastern Africa,6,0.0,0.0,0.0013149508820121316,90.0
Eastern Africa,7,0.0,0.0,0.0015413148094381192,90.0
Eastern Africa,8,0.0,0.0,0.0017905974306065072,90.0
Eastern Africa,9,0.0,0.0,0.002036058734825555,90.0
Eastern Africa,10,0.0,0.0,0.0023072537076415573,90.0
Eastern Africa,11,0.0,0.0,0.002604090558914,90.0
Eastern Africa,12,0.0,0.0,0.002914775314073621,90.0
Eastern Africa,13,0.0,0.0,0.003233583815232449,90.0
Eastern Africa,14,0.0,0.0,0.00356339486303587,90.0
Eastern Africa,15,0.0,0.0,0.003872138697047523,90.0
Eastern Africa,16,0.0,0.0,0.004117180618454153,90.0
Eastern Africa,17,0.0,0.0,0.004414588600567852,90.0
Eastern Africa,18,0.0,0.0,0.004682179853053373,90.0
Eastern Africa,19,0.0,0.0,0.004971696681318666,90.0
Eastern Africa,20,0.0,0.0,0.005259742616834486,90.0
Eastern Africa,21,0.0,0.0,0.005546939579554365,90.0
Eastern Africa,22,0.0,0.0,0.0058339535481750264,90.0
Eastern Africa,23,0.0,0.0,0.006120197978218658,90.0
Eastern Africa,24,0.0,0.0,0.00639907995815517,90.0
Eastern Africa,25,0.0,0.0,0.006689603174715396,90.0
Eastern Africa,26,0.0,0.0,0.006966501651497537,90.0
Eastern Asia,1,0.0,0.0,0.0,90.0
Eastern Asia,2,0.002861036873603973,0.0016615448492758845,0.004618441613313018,90.0
Eastern Asia,3,0.019332789923514594,0.01137421535888432,0.030334589316855776,90.0
Eastern Asia,4,0.036398917456889106,0.021313444795337404,0.05722160630596897,90.0
Eastern Asia,5,0.04554706406983773,0.02668910496786946,0.07309431708007634,90.0
Eastern Asia,6,0.055426300655994507,0.03242187210077271,0.08859338343171783,90.0
Eastern Asia,7,0.06596929195461965,0.0381041886614074,0.10559092238499695,90.0
Eastern Asia,8,0.07735592466104191,0.04451587254801551,0.12253762009406813,90.0
Eastern Asia,9,0.08900985588132065,0.05028871347803859,0.1405729477146376,90.0
Eastern Asia,10,0.1010380060198191,0.05628743158863257,0.16085670672194016,90.0
Eastern Asia,11,0.11397045473053957,0.06274145111483415,0.18139442643393372,90.0
Eastern Asia,12,0.1279107524479377,0.06974080107115972,0.2036638906312183,90.0
Eastern Asia,13,0.14111666654746183,0.07660872002447268,0.22592433043724153,90.0
Eastern Asia,14,0.15575516799806877,0.08373634039086131,0.24907768148958156,90.0
Eastern Asia,15,0.16622202198258096,0.0885162421367417,0.265326951725926,90.0
Eastern Asia,16,0.17591659326365255,0.0937061304920127,0.2834638780386592,90.0
Eastern Asia,17,0.18594039858788042,0.09892273849474696,0.30222353498025434,90.0
Eastern Asia,18,0.19595526361497556,0.1043864962890403,0.3195320395194547,90.0
Eastern Asia,19,0.2065099877967118,0.1085876360186392,0.339576667587735,90.0
Eastern Asia,20,0.21692323351217768,0.11371731500638593,0.36014076506660847,90.0
Eastern Asia,21,0.22626237586190867,0.11906624890332299,0.379530728412532,90.0
Eastern Asia,22,0.23677517314324947,0.12416789074690573,0.3953334866099235,90.0
Eastern Asia,23,0.2462880438045147,0.12836518105751824,0.4128435823846226,90.0
Eastern Asia,24,0.2567384355386786,0.13358014388819114,0.42982640230161506,90.0
Eastern Asia,25,0.2665794638459816,0.13936462787827036,0.4464054049348007,90.0
Eastern Asia,26,0.2763493709280324,0.14497546445431098,0.4651472339664773,90.0
Eastern Europe,1,0.0,0.0,0.0,90.0
Eastern Europe,2,0.0008287263067504218,0.0004843700663663466,0.0013144707437671259,90.0
Eastern Europe,3,0.005715768254941415,0.003389737130880436,0.00898860674475624,90.0
Eastern Europe,4,0.010826760044767717,0.006323906543694244,0.01704455107945156,90.0
Eastern Europe,5,0.013620057941162694,0.007954891801218918,0.021420948813320517,90.0
Eastern Europe,6,0.016613648466610953,0.009722773335377978,0.026335793289692568,90.0
Eastern Europe,7,0.01977392087336513,0.011492758849772756,0.031536132013203495,90.0
Eastern Europe,8,0.023083398412378515,0.013217838871495607,0.03676560235895991,90.0
Eastern Europe,9,0.026647337425858335,0.015143410343485961,0.04246389248958848,90.0
Eastern Europe,10,0.030195520784651368,0.017116497878058367,0.04859526025961041,90.0
Eastern Europe,11,0.033966478630364894,0.019204574720667302,0.05504363843603362,90.0
Eastern Europe,12,0.038057639849333844,0.021028622826965826,0.0621072262299855,90.0
Eastern Europe,13,0.04205092402874884,0.023002082824501793,0.06922330067585311,90.0
Eastern Europe,14,0.04645174441978842,0.02536261517529965,0.07674845815465085,90.0
Eastern Europe,15,0.049424547903689685,0.026849743515907815,0.08248006125588102,90.0
Eastern Europe,16,0.05252663078349969,0.028293851642497543,0.08788599027219837,90.0
Eastern Europe,17,0.055596937586097614,0.02984643634024074,0.09413094281830368,90.0
Eastern Europe,18,0.058580070343275434,0.031364812234054816,0.09992510437285461,90.0
Eastern Europe,19,0.061353607839866944,0.03317625237367724,0.10499378042846914,90.0
Eastern Europe,20,0.06415569156583645,0.034871100574608814,0.11029087807308859,90.0
Eastern Europe,21,0.06702387621769962,0.03617270865669283,0.11622525090261007,90.0
Eastern Europe,22,0.06987159115343708,0.037948674586612274,0.12191636274126753,90.0
Eastern Europe,23,0.07285757473074392,0.03958706228836483,0.12690276237172934,90.0
Eastern Europe,24,0.07574606266294893,0.04105959357056293,0.13268391829143908,90.0
Eastern Europe,25,0.07870735793750748,0.04259123013633253,0.13817066181626736,90.0
Eastern Europe,26,0.0818130454599371,0.044351498277968936,0.14397256908436737,90.0
Melanesia,1,0.0,0.0,0.0,90.0
Melanesia,2,0.0,0.0,0.0,90.0
Melanesia,3,0.0,0.0,0.0,90.0
Melanesia,4,0.0,0.0,0.0,90.0
Melanesia,5,0.0,0.0,0.0,90.0
Melanesia,6,0.0,0.0,0.0,90.0
Melanesia,7,0.0,0.0,0.0,90.0
Melanesia,8,0.0,0.0,0.0,90.0
Melanesia,9,0.0,0.0,0.0,90.0
Melanesia,10,0.0,0.0,0.0,90.0
Melanesia,11,0.0,0.0,0.0,90.0
Melanesia,12,0.0,0.0,0.0,90.0
Melanesia,13,0.0,0.0,0.0,90.0
Melanesia,14,0.0,0.0,0.0,90.0
Melanesia,15,0.0,0.0,0.0,90.0
Melanesia,16,0.0,0.0,0.0,90.0
Melanesia,17,0.0,0.0,0.0,90.0
Melanesia,18,0.0,0.0,0.0,90.0
Melanesia,19,0.0,0.0,0.0,90.0
Melanesia,20,0.0,0.0,0.0,90.0
Melanesia,21,0.0,0.0,0.0,90.0
Melanesia,22,0.0,0.0,0.0,90.0
Melanesia,23,0.0,0.0,0.0,90.0
Melanesia,24,0.0,0.0,0.0,90.0
Melanesia,25,0.0,0.0,0.0,90.0
Melanesia,26,0.0,0.0,0.0,90.0
Micronesia,1,0.0,0.0,0.0,90.0
Micronesia,2,0.0,0.0,0.0,90.0
Micronesia,3,0.0,0.0,0.0,90.0
Micronesia,4,0.0,0.0,0.0,90.0
Micronesia,5,0.0,0.0,0.0,90.0
Micronesia,6,0.0,0.0,0.0,90.0
Micronesia,7,0.0,0.0,0.0,90.0
Micronesia,8,0.0,0.0,0.0,90.0
Micronesia,9,0.0,0.0,0.0,90.0
Micronesia,10,0.0,0.0,0.0,90.0
Micronesia,11,0.0,0.0,0.0,90.0
Micronesia,12,0.0,0.0,0.0,90.0
Micronesia,13,0.0,0.0,0.0,90.0
Micronesia,14,0.0,0.0,0.0,90.0
Micronesia,15,0.0,0.0,0.0,90.0
Micronesia,16,0.0,0.0,0.0,90.0
Micronesia,17,0.0,0.0,0.0,90.0
Micronesia,18,0.0,0.0,0.0,90.0
Micronesia,19,0.0,0.0,0.0,90.0
Micronesia,20,0.0,0.0,0.0,90.0
Micronesia,21,0.0,0.0,0.0,90.0
Micronesia,22,0.0,0.0,0.0,90.0
Micronesia,23,0.0,0.0,0.0,90.0
Micronesia,24,0.0,0.0,0.0,90.0
Micronesia,25,0.0,0.0,0.0,90.0
Micronesia,26,0.0,0.0,0.0,90.0
Middle Africa,1,0.0,0.0,0.0,90.0
Middle Africa,2,0.0,0.0,5.593697651102154e-05,90.0
Middle Africa,3,0.0,0.0,0.0003472066333130925,90.0
Middle Africa,4,0.0,0.0,0.0006523096602524524,90.0
Middle Africa,5,0.0,0.0,0.0007991245389370437,90.0
Middle Africa,6,0.0,0.0,0.0009509325375158056,90.0
Middle Africa,7,0.0,0.0,0.001132110213276509,90.0
Middle Africa,8,0.0,0.0,0.0012997879429153328,90.0
Middle Africa,9,0.0,0.0,0.0015025289504120374,90.0
Middle Africa,10,0.0,0.0,0.0017089170519365947,90.0
Middle Africa,11,0.0,0.0,0.0019310115674192514,90.0
Middle Africa,12,0.0,0.0,0.0021754631435452164,90.0
Middle Africa,13,0.0,0.0,0.002407386138087111,90.0
Middle Africa,14,0.0,0.0,0.0026480088604392844,90.0
Middle Africa,15,0.0,0.0,0.0028278630939675463,90.0
Middle Africa,16,0.0,0.0,0.003021733174682177,90.0
Middle Africa,17,0.0,0.0,0.0032401240086379654,90.0
Middle Africa,18,0.0,0.0,0.0034567380190780334,90.0
Middle Africa,19,0.0,0.0,0.003675101412613045,90.0
Middle Africa,20,0.0,0.0,0.0038938917446790827,90.0
Middle Africa,21,0.0,0.0,0.004101422968612659,90.0
Middle Africa,22,0.0,0.0,0.004305906693193855,90.0
Middle Africa,23,0.0,0.0,0.004516583210643608,90.0
Middle Africa,24,0.0,0.0,0.004724575152364414,90.0
Middle Africa,25,0.0,0.0,0.004931902135788903,90.0
Middle Africa,26,0.0,0.0,0.005113297787269795,90.0
Northern Africa,1,0.0,0.0,0.0,90.0
Northern Africa,2,0.0003108152231931051,0.00017762414757310093,0.0005323154862478118,90.0
Northern Africa,3,0.002094013843442752,0.00121272848589275,0.0035332169966231348,90.0
Northern Africa,4,0.003958033639505193,0.0022900370252589035,0.006681994802368083,90.0
Northern Africa,5,0.004933841225806427,0.0028355029260919264,0.008406100491045315,90.0
Northern Africa,6,0.006021198366049606,0.0034313625457621805,0.010237134442215277,90.0
Northern Africa,7,0.007121884647958229,0.004010598466794338,0.012246824793776135,90.0
Northern Africa,8,0.008302041158921457,0.004626440217628093,0.014426734421844997,90.0
Northern Africa,9,0.009561866608719181,0.005264568164920537,0.016649200282774616,90.0
Northern Africa,10,0.010828894077252791,0.0059855186976409125,0.01900218146626472,90.0
Northern Africa,11,0.012214179765937621,0.0067383607683530015,0.02151672132605165,90.0
Northern Africa,12,0.013643490462089913,0.007530536245475232,0.024079644349655722,90.0
Northern Africa,13,0.015099955822040708,0.008296408638676223,0.026887389982294133,90.0
Northern Africa,14,0.016680463969170098,0.009042990346700206,0.029813941643578576,90.0
Northern Africa,15,0.01781082257169778,0.009617218158688805,0.03215819890524872,90.0
Northern Africa,16,0.018912758576319338,0.010157006278742015,0.03428619752713876,90.0
Northern Africa,17,0.020015430796095853,0.010669163841857787,0.03647717120739959,90.0
Northern Africa,18,0.02110040814583948,0.011183235405660463,0.039099903664359274,90.0
Northern Africa,19,0.022161750751573228,0.011763707332960761,0.041298370804101925,90.0
Northern Africa,20,0.02323083271249187,0.012379295583692109,0.04366510539722466,90.0
Northern Africa,21,0.024311081832252845,0.012997982206793365,0.045669177898807735,90.0
Northern Africa,22,0.025448540993411387,0.013444966864942611,0.048108261129709104,90.0
Northern Africa,23,0.026547360669744256,0.013935409299487684,0.050546033773579704,90.0
Northern Africa,24,0.027588734892761802,0.014472572863208332,0.0526351699596142,90.0
Northern Africa,25,0.028670850831631185,0.015072552471226247,0.054610822081301844,90.0
Northern Africa,26,0.029838642821762084,0.01562756424759718,0.05694327119344158,90.0
Northern America,1,0.0,0.0,0.0,90.0
Northern America,2,0.0023225628200026016,0.0013650368134714443,0.0036889309801520476,90.0
Northern America,3,0.0164540890850332,0.009798055210650906,0.025954108138996856,90.0
Northern America,4,0.031340929380011595,0.018281621670814922,0.04890965576470379,90.0
Northern America,5,0.03956101883574914,0.023402296239146317,0.06240608342619269,90.0
Northern America,6,0.04848908832184906,0.028567398834581256,0.07632291946711468,90.0
Northern America,7,0.057974966724529946,0.03342278549381309,0.0913171735600356,90.0
Northern America,8,0.06775763428816658,0.038611364746465475,0.10676439607126563,90.0
Northern America,9,0.07839758581472073,0.04384852287112044,0.12301546113672589,90.0
Northern America,10,0.0888475871959565,0.049367256621647274,0.13927423601091457,90.0
Northern America,11,0.10008693252896031,0.055919201464234056,0.15737671704214515,90.0
Northern America,12,0.11176132776415934,0.06180948751535813,0.17791353210617142,90.0
Northern America,13,0.12396217851547772,0.06806186235818287,0.19857057897631805,90.0
Northern America,14,0.13674970867482755,0.0747295444612662,0.21842849704163833,90.0
Northern America,15,0.14435311737165857,0.0793691218896026,0.23203717730017046,90.0
Northern America,16,0.15325540127000237,0.0828123509778604,0.24670359229197913,90.0
Northern America,17,0.1611259083101869,0.0874952926316221,0.2622123765856034,90.0
Northern America,18,0.1697194169634118,0.09116782303101173,0.2760924098665684,90.0
Northern America,19,0.17780315526635077,0.09397466771849661,0.2913469139453345,90.0
Northern America,20,0.18621106747684749,0.09883547351042644,0.30394603621588023,90.0
Northern America,21,0.1941958850789375,0.10343795103893463,0.32079549958117354,90.0
Northern America,22,0.20246481088544419,0.10734733574367547,0.335364647228151,90.0
Northern America,23,0.21074191856998847,0.11126455361448878,0.35028288451396106,90.0
Northern America,24,0.21904805180365283,0.115336213648554,0.3652708476730557,90.0
Northern America,25,0.2268209411070875,0.11902392397313803,0.37998372126947766,90.0
Northern America,26,0.23530613173723725,0.12286748693185506,0.3942043809038713,90.0
Northern Europe,1,0.0,0.0,0.0,90.0
Northern Europe,2,0.0019551743827347606,0.00114379803286661,0.0030973683390913822,90.0
Northern Europe,3,0.013770434033804131,0.008034063707091676,0.021473289889407093,90.0
Northern Europe,4,0.026108210836468373,0.015083238531895915,0.0407606079442497,90.0
Northern Europe,5,0.03275808587678316,0.01899635151045047,0.05218479423601127,90.0
Northern Europe,6,0.03993939114415719,0.023574662365593198,0.0644374345211971,90.0
Northern Europe,7,0.047598848129197485,0.02778683439482522,0.07647802448710636,90.0
Northern Europe,8,0.05564661049984189,0.03210238588638193,0.08971109642804594,90.0
Northern Europe,9,0.06418979132425717,0.03656170940582257,0.10360985936034388,90.0
Northern Europe,10,0.0730964858104835,0.041465830542367,0.11817111041732035,90.0
Northern Europe,11,0.08230870998631518,0.04646017355908916,0.1332925244327952,90.0
Northern Europe,12,0.09197323677890257,0.051333797228470326,0.14960058149831146,90.0
Northern Europe,13,0.10222889065090718,0.05633724739788459,0.16731606190313864,90.0
Northern Europe,14,0.11247612780504124,0.06148363700384584,0.1848848912567085,90.0
Northern Europe,15,0.11913121208930309,0.0647926237935125,0.198477811413678,90.0
Northern Europe,16,0.1267684082754345,0.0681514696684148,0.2117224449240053,90.0
Northern Europe,17,0.13373873496588612,0.07221680646032894,0.2245703500500763,90.0
Northern Europe,18,0.1405456206844689,0.07629200701238723,0.23836614785990837,90.0
Northern Europe,19,0.14748583563477002,0.08008840344139677,0.25113046399452177,90.0
Northern Europe,20,0.15399448637109842,0.08316665300133198,0.2638694775350049,90.0
Northern Europe,21,0.16044141091489744,0.08697121965166568,0.2774514221346272,90.0
Northern Europe,22,0.1674983073748292,0.09055622432334084,0.2909537714391349,90.0
Northern Europe,23,0.17435758679861818,0.09445893036211926,0.3030395009707374,90.0
Northern Europe,24,0.18153773913407178,0.09755979879623702,0.3162065945840955,90.0
Northern Europe,25,0.18886910727931044,0.10173351515791464,0.3275630748895042,90.0
Northern Europe,26,0.19583586074999254,0.10593387039541717,0.3411919521904116,90.0
Polynesia,1,0.0,0.0,0.0,90.0
Polynesia,2,0.0,0.0,0.0,90.0
Polynesia,3,0.0,0.0,0.0,90.0
Polynesia,4,0.0,0.0,0.0,90.0
Polynesia,5,0.0,0.0,0.0,90.0
Polynesia,6,0.0,0.0,0.0,90.0
Polynesia,7,0.0,0.0,0.0,90.0
Polynesia,8,0.0,0.0,0.0,90.0
Polynesia,9,0.0,0.0,0.0,90.0
Polynesia,10,0.0,0.0,0.0,90.0
Polynesia,11,0.0,0.0,0.0,90.0
Polynesia,12,0.0,0.0,0.0,90.0
Polynesia,13,0.0,0.0,0.0,90.0
Polynesia,14,0.0,0.0,0.0,90.0
Polynesia,15,0.0,0.0,0.0,90.0
Polynesia,16,0.0,0.0,0.0,90.0
Polynesia,17,0.0,0.0,0.0,90.0
Polynesia,18,0.0,0.0,0.0,90.0
Polynesia,19,0.0,0.0,0.0,90.0
Polynesia,20,0.0,0.0,0.0,90.0
Polynesia,21,0.0,0.0,0.0,90.0
Polynesia,22,0.0,0.0,0.0,90.0
Polynesia,23,0.0,0.0,0.0,90.0
Polynesia,24,0.0,0.0,0.0,90.0
Polynesia,25,0.0,0.0,0.0,90.0
Polynesia,26,0.0,0.0,0.0,90.0
South America,1,0.0,0.0,0.0,90.0
South America,2,0.0005641466020302919,0.0003288514422890942,0.000904469778933825,90.0
South America,3,0.003887077994344396,0.0023111184418292082,0.006135831249369633,90.0
South America,4,0.007346452779798747,0.004296918509617009,0.011627941932447327,90.0
South America,5,0.009217560493589145,0.0053365097147213625,0.01474173644636272,90.0
South America,6,0.011224241140108369,0.006573559394145697,0.018038315546488472,90.0
South America,7,0.013390256982460545,0.0077251776023629535,0.021558173464513244,90.0
South America,8,0.01561116735124833,0.008897660848636746,0.02537862474462554,90.0
South America,9,0.01798536628036047,0.010019246865195855,0.029434587553444466,90.0
South America,10,0.02032297097925742,0.011466558334874125,0.033567574486406744,90.0
South America,11,0.02286454584895902,0.012692710989806464,0.03804655564493068,90.0
South America,12,0.025509063315179624,0.014086123927650724,0.043060459214930166,90.0
South America,13,0.02831164555209765,0.015571571971719348,0.047906946879660336,90.0
South America,14,0.031112738691029415,0.016970370758545173,0.05305621946531554,90.0
South America,15,0.033188125361044346,0.018038707831193254,0.05691527816588472,90.0
South America,16,0.03517038215299073,0.019211363746602508,0.06087097983365406,90.0
South America,17,0.03730507664340652,0.020312897694484296,0.06478012533158382,90.0
South America,18,0.039355225272129465,0.021542412600499692,0.06828714720452403,90.0
South America,19,0.04137785714740157,0.022726428305397953,0.07218110683757176,90.0
South America,20,0.04319258655405161,0.023886404716761914,0.07640254989391643,90.0
South America,21,0.04520161162849272,0.02488152809015661,0.07906474059584667,90.0
South America,22,0.04720153743532518,0.025864726337267767,0.08293846421202618,90.0
South America,23,0.04923647287974786,0.02679791913569223,0.08727542984217793,90.0
South America,24,0.05116095834611381,0.027814507713909097,0.09175735005439851,90.0
South America,25,0.05333309179071698,0.028806509120464632,0.09600318759377385,90.0
South America,26,0.05539804995170383,0.029800882767438832,0.0998745467432113,90.0
South-eastern Asia,1,0.0,0.0,0.0,90.0
South-eastern Asia,2,0.0006251756913167989,0.0003651758849997858,0.0009943185046735166,90.0
South-eastern Asia,3,0.004118496559620974,0.002441999720784456,0.006439285530962917,90.0
South-eastern Asia,4,0.0077780523776884445,0.004548092365304563,0.012261871960757977,90.0
South-eastern Asia,5,0.009729440217298515,0.0056341210537791024,0.015378862489862413,90.0
South-eastern Asia,6,0.011828807327256722,0.006945043624167532,0.01878137061530452,90.0
South-eastern Asia,7,0.013921699937008172,0.008065406011336793,0.022441345951789083,90.0
South-eastern Asia,8,0.016202918573041274,0.009442321205487467,0.026273457751278154,90.0
South-eastern Asia,9,0.018620986061886773,0.010610749680427163,0.03029409565292446,90.0
South-eastern Asia,10,0.02123092867273277,0.012001086855501757,0.03457213500170409,90.0
South-eastern Asia,11,0.023908879402632352,0.01336275990148878,0.039289113799382276,90.0
South-eastern Asia,12,0.026674206060800718,0.014792155768230559,0.044245700589476994,90.0
South-eastern Asia,13,0.029518309364576147,0.016381944279646114,0.04949881115794503,90.0
South-eastern Asia,14,0.03250346885158602,0.017977752192518827,0.05475206950276992,90.0
South-eastern Asia,15,0.034724561459091224,0.019140651050639636,0.05891898408743075,90.0
South-eastern Asia,16,0.03705926313092191,0.020312634676418168,0.06284870051865647,90.0
South-eastern Asia,17,0.03923094326229722,0.021470806777906346,0.06747628306665425,90.0
South-eastern Asia,18,0.041621934578874004,0.02263396160152285,0.0712879058073769,90.0
South-eastern Asia,19,0.043737054791801996,0.023789315424119217,0.07566875032821303,90.0
South-eastern Asia,20,0.04593543724148798,0.024954706874240333,0.07946222774123828,90.0
South-eastern Asia,21,0.048196826782691916,0.026132704225698147,0.08345609493910439,90.0
South-eastern Asia,22,0.05037294605021214,0.02727633845895388,0.08784591288941156,90.0
South-eastern Asia,23,0.05258584370303428,0.028528364116556557,0.09219670178815782,90.0
South-eastern Asia,24,0.054830220504694646,0.029700826845393175,0.09710267967088689,90.0
South-eastern Asia,25,0.05705249547994813,0.03089011014741914,0.10165461630375915,90.0
South-eastern Asia,26,0.059252860084582866,0.03214420664794038,0.10612180010959456,90.0
Southern Africa,1,0.0,0.0,0.0,90.0
Southern Africa,2,0.0004132195239829892,0.0002394542774377448,0.0006667520385245113,90.0
Southern Africa,3,0.0028783056189983424,0.0016790985765344137,0.004620274621751529,90.0
Southern Africa,4,0.00542878771623634,0.00316541842289649,0.00875769509502554,90.0
Southern Africa,5,0.00685340221084594,0.003979532862162103,0.011074164837320832,90.0
Southern Africa,6,0.008326084486968744,0.004817635346070243,0.013611943887243802,90.0
Southern Africa,7,0.009849780861259542,0.0056419220817422715,0.016232402690512442,90.0
Southern Africa,8,0.011485101729613964,0.006550656821148196,0.01899025537580207,90.0
Southern Africa,9,0.013224999964868579,0.007510562465017111,0.0219757963087241,90.0
Southern Africa,10,0.015041101360977967,0.00852939990137437,0.025172072033237756,90.0
Southern Africa,11,0.016922726911740196,0.009566781985806062,0.02871604886139027,90.0
Southern Africa,12,0.018853698853616277,0.01058937438512934,0.0324544603404696,90.0
Southern Africa,13,0.02086655143490402,0.011623324608735676,0.03620752159782652,90.0
Southern Africa,14,0.022957927981509873,0.012790610370358892,0.04025466583199291,90.0
Southern Africa,15,0.024502378873088378,0.013581378327577307,0.04300080605111705,90.0
Southern Africa,16,0.026032310766774314,0.014292051889107935,0.045821639388460414,90.0
Southern Africa,17,0.027517819512657166,0.015096218482604475,0.048638061669999885,90.0
Southern Africa,18,0.02902735196581157,0.015812251850726506,0.05128737712326047,90.0
Southern Africa,19,0.030493782144918796,0.01650528752431211,0.05421775882708153,90.0
Southern Africa,20,0.03200188133033632,0.017194788416235784,0.05714777019112728,90.0
Southern Africa,21,0.03347932522112053,0.01792462946277161,0.060100196276908664,90.0
Southern Africa,22,0.034858389257643674,0.018743045136307333,0.06292650730660113,90.0
Southern Africa,23,0.03618799292201486,0.01949215212408384,0.06595001214876904,90.0
Southern Africa,24,0.03767516098542213,0.020217004752277824,0.06901390417086337,90.0
Southern Africa,25,0.03915251640698333,0.020934396577679718,0.07207632093817933,90.0
Southern Africa,26,0.04066914144625543,0.02161600956465535,0.07469301214568172,90.0
Southern Asia,1,0.0,0.0,0.0,90.0
Southern Asia,2,0.0003190582584776698,0.00018885005869204312,0.0005011857691786364,90.0
Southern Asia,3,0.0020496749939653567,0.001201474633133901,0.0031596318355662026,90.0
Southern Asia,4,0.003851486880625529,0.0022795834189759793,0.005975336855268792,90.0
Southern Asia,5,0.004775714482473853,0.0028534516567444283,0.007469889056073378,90.0
Southern Asia,6,0.005783012848321835,0.003418029620377858,0.00913757968030011,90.0
Southern Asia,7,0.006798891427858672,0.004026910345051961,0.01088119969020514,90.0
Southern Asia,8,0.007983309546386323,0.00458639039281848,0.012721700926985163,90.0
Southern Asia,9,0.009149421519395514,0.005170079191156489,0.014666607057736609,90.0
Southern Asia,10,0.010407998422073848,0.005868402713113517,0.016798311150027532,90.0
Southern Asia,11,0.011706321064530656,0.00656072932935844,0.018929253769057162,90.0
Southern Asia,12,0.013144426143823378,0.007328007684520855,0.021183047262078248,90.0
Southern Asia,13,0.014563981017034102,0.008114459837980632,0.023709648166844087,90.0
Southern Asia,14,0.016067824677599426,0.008919113837047148,0.026250098134594765,90.0
Southern Asia,15,0.017210499543334173,0.009575883232498673,0.028352025552792554,90.0
Southern Asia,16,0.018298097695273144,0.010003572086156412,0.0305595157126826,90.0
Southern Asia,17,0.01934825386345184,0.010709517902429133,0.032642779602557015,90.0
Southern Asia,18,0.020549864199188854,0.011287891394680815,0.03467719960590281,90.0
Southern Asia,19,0.021706210432178803,0.011817527400215539,0.03663396381177981,90.0
Southern Asia,20,0.0228467799212105,0.012450017004171565,0.03876857284372325,90.0
Southern Asia,21,0.023935964373350705,0.012944933254866692,0.04109199454498289,90.0
Southern Asia,22,0.02508798053399052,0.013538723046252598,0.04306308063877519,90.0
Southern Asia,23,0.026330980218498147,0.014085729571128898,0.04503395937719113,90.0
Southern Asia,24,0.027512067772309017,0.014659085778543782,0.04718243972280941,90.0
Southern Asia,25,0.028619163360524755,0.015278239108156306,0.04951299989677857,90.0
Southern Asia,26,0.029708303763525512,0.015897229021440015,0.051937615719380915,90.0
Southern Europe,1,0.0,0.0,0.0,90.0
Southern Europe,2,0.0022749227043923586,0.0013270268601452162,0.0035925799899384123,90.0
Southern Europe,3,0.015779700669598697,0.009277544020993423,0.024808214046850335,90.0
Southern Europe,4,0.02983969650963776,0.01739593087183691,0.04711855808358497,90.0
Southern Europe,5,0.037675440620976934,0.02215792988692464,0.05981198575111997,90.0
Southern Europe,6,0.046044564793615905,0.027230617967073593,0.07394533131448774,90.0
Southern Europe,7,0.05476583158092681,0.03211952949755378,0.08805207937071438,90.0
Southern Europe,8,0.06424904025386145,0.03710228855227149,0.10390563950934213,90.0
Southern Europe,9,0.07400647870089874,0.04158237367467851,0.1195749204198597,90.0
Southern Europe,10,0.08407548838475598,0.04704781515832701,0.1355559847339055,90.0
Southern Europe,11,0.09523209604139263,0.052699283059151884,0.1528477663268997,90.0
Southern Europe,12,0.10647580840938731,0.05746861543479986,0.17186378439236624,90.0
Southern Europe,13,0.11761459115816231,0.06320730992923926,0.1912440433594773,90.0
Southern Europe,14,0.12970118333363892,0.06988352954771192,0.21247487377420093,90.0
Southern Europe,15,0.13706553919574266,0.0747908669116743,0.2276961733101208,90.0
Southern Europe,16,0.14561207321332548,0.0795921933729269,0.2434878280428209,90.0
Southern Europe,17,0.1537593949113159,0.08357152663743352,0.25935022224464105,90.0
Southern Europe,18,0.16173552412964146,0.08825064037546702,0.2723537153578706,90.0
Southern Europe,19,0.169593332016849,0.09138933919072738,0.287851111070534,90.0
Southern Europe,20,0.1775518335632254,0.09519799942944446,0.3038491547546887,90.0
Southern Europe,21,0.18556134882556813,0.099967572434866,0.31805948390399186,90.0
Southern Europe,22,0.19335180638502292,0.10472508141365973,0.3336726002609834,90.0
Southern Europe,23,0.20102200105421292,0.10952356731373063,0.34915896757542103,90.0
Southern Europe,24,0.20877915144975878,0.11409462593044954,0.3640528711610859,90.0
Southern Europe,25,0.2167904274909426,0.11820980899932812,0.3788962588837221,90.0
Southern Europe,26,0.22505718460698731,0.12266017738629921,0.39415903194505014,90.0
Western Africa,1,0.0,0.0,0.0,90.0
Western Africa,2,5.447321331429848e-05,2.1086859302828733e-05,0.00011251726049270992,90.0
Western Africa,3,0.00034436482380349363,0.00013651043397507165,0.0007151293548750916,90.0
Western Africa,4,0.0006468132943033447,0.00025598700335564345,0.0013407601390235287,90.0
Western Africa,5,0.0008025239327321531,0.0003172301734510332,0.0016675752050615326,90.0
Western Africa,6,0.0009626336995388632,0.0003856259226821254,0.0020269690511752277,90.0
Western Africa,7,0.0011293774146451112,0.0004550773902154163,0.0024167118112768857,90.0
Western Africa,8,0.001312194748342254,0.0005247747271262676,0.002827101652850867,90.0
Western Africa,9,0.0015129434210751063,0.00060005271893053,0.003257933344198803,90.0
Western Africa,10,0.0017263064887268664,0.0006838594451574904,0.0037073406720045245,90.0
Western Africa,11,0.001938262035726271,0.0007611572893948055,0.00422277338636119,90.0
Western Africa,12,0.0021572315127026337,0.0008475378396994507,0.004742913366317243,90.0
Western Africa,13,0.0023966500140566397,0.0009382945378417693,0.005276258519416418,90.0
Western Africa,14,0.002630083502545864,0.0010339019523614176,0.005878556110056205,90.0
Western Africa,15,0.002807394099527666,0.001095513433695008,0.006301593129251867,90.0
Western Africa,16,0.002996258984986209,0.0011726124989097297,0.00676354840459455,90.0
Western Africa,17,0.0031916518301851066,0.0012412335117232757,0.0072521884555498415,90.0
Western Africa,18,0.0033968181415797785,0.001316228906641643,0.007697235319710829,90.0
Western Africa,19,0.003585325387413108,0.0013912243015600102,0.008180968971153738,90.0
Western Africa,20,0.0037743272798775847,0.001454303334057827,0.008663816162448662,90.0
Western Africa,21,0.003957331071327622,0.0015276029443148506,0.009101258229198196,90.0
Western Africa,22,0.004150620573730309,0.0016009025545718743,0.009529977291615581,90.0
Western Africa,23,0.004339951165325337,0.0016742021648288976,0.009999173334825183,90.0
Western Africa,24,0.004521945627762139,0.0017475017750859213,0.010468385889787764,90.0
Western Africa,25,0.004720029899277943,0.0018190784393660945,0.010937598444750342,90.0
Western Africa,26,0.004910090150117521,0.001893629015330458,0.011404519725388631,90.0
Western Asia,1,0.0,0.0,0.0,90.0
Western Asia,2,0.00130013033197208,0.0007494735476958746,0.002119129537987367,90.0
Western Asia,3,0.008996653207482325,0.005316527742882005,0.014329815767939055,90.0
Western Asia,4,0.017041180293412197,0.00996836657815452,0.027236587631423528,90.0
Western Asia,5,0.021494001450788655,0.012562359653195578,0.034197927419821986,90.0
Western Asia,6,0.02616032537302911,0.015166995455456059,0.04204142849115569,90.0
Western Asia,7,0.030968370104015396,0.017820082435944927,0.05033989669899565,90.0
Western Asia,8,0.036107941596732473,0.020506277618144678,0.059018549348487645,90.0
Western Asia,9,0.041513242854857864,0.023469139152295367,0.068357828694411,90.0
Western Asia,10,0.04730281878706183,0.026472730004225585,0.07774544385676657,90.0
Western Asia,11,0.05340497576391366,0.02961399064378048,0.08742999341698916,90.0
Western Asia,12,0.05991823200591635,0.032897189140068714,0.09832980425621696,90.0
Western Asia,13,0.06618787614552643,0.0360932224354645,0.1102904639057853,90.0
Western Asia,14,0.07299426975497064,0.039562091754424836,0.12290288824068651,90.0
Western Asia,15,0.07780790761969766,0.041405129270044264,0.13286134416369536,90.0
Western Asia,16,0.08211432292091161,0.04402978357503668,0.14139932588232404,90.0
Western Asia,17,0.08665431704818166,0.046881213578657974,0.15022926140379741,90.0
Western Asia,18,0.09144875473598271,0.049461038700640926,0.15901060411621043,90.0
Western Asia,19,0.096165261018302,0.05214047186509012,0.16746481854214776,90.0
Western Asia,20,0.10070246371374256,0.054743335296854725,0.17720112766235163,90.0
Western Asia,21,0.1053167949200206,0.05732553351380715,0.18699765385922296,90.0
Western Asia,22,0.11001349289701401,0.05968466271991694,0.19609914304825984,90.0
Western Asia,23,0.1147420004167657,0.06224791777041152,0.20514556317102559,90.0
Western Asia,24,0.11913623373219093,0.06499932561650294,0.2131866583991222,90.0
Western Asia,25,0.12353667880686275,0.0667743952078675,0.2209105590273622,90.0
Western Asia,26,0.12849099064972969,0.06909495651924637,0.22956654485994976,90.0
Western Europe,1,0.0,0.0,0.0,90.0
Western Europe,2,0.0037965020612175807,0.002251945271843614,0.005988350869148367,90.0
Western Europe,3,0.026837520052241,0.016007729245834202,0.041742622081907974,90.0
Western Europe,4,0.05085788936671755,0.03020499639827985,0.07897452599480814,90.0
Western Europe,5,0.06420173481150312,0.03808238889549877,0.10007996828469612,90.0
Western Europe,6,0.07853548234876082,0.04630079085290079,0.1228843568694595,90.0
Western Europe,7,0.09379273230337123,0.054670551367462746,0.14667224856623834,90.0
Western Europe,8,0.1093809710632545,0.06346331992707634,0.17337385545223072,90.0
Western Europe,9,0.12575924271823818,0.07304044462531203,0.20112636032041306,90.0
Western Europe,10,0.14330608902386988,0.08226814621093913,0.22905047568451928,90.0
Western Europe,11,0.16129882913960153,0.09142060546022611,0.25926017024034337,90.0
Western Europe,12,0.18044025091768492,0.09954576542720822,0.29020442967949167,90.0
Western Europe,13,0.200545025076111,0.11090163075673762,0.32183890464751824,90.0
Western Europe,14,0.22038946238429113,0.12080746097738602,0.3549998298318459,90.0
Western Europe,15,0.23433283725404652,0.12779696205436308,0.37881944601886347,90.0
Western Europe,16,0.2486574206187789,0.1355038418173868,0.4039168313580159,90.0
Western Europe,17,0.2621261732872473,0.14360855825450056,0.4300329789861758,90.0
Western Europe,18,0.2749178405757655,0.15077488487478746,0.4552063496710998,90.0
Western Europe,19,0.2882675759317739,0.15943700660920868,0.4797088830234493,90.0
Western Europe,20,0.30164754481376266,0.16594259568340214,0.5054215966088551,90.0
Western Europe,21,0.3167060920012087,0.17204805570197557,0.5296707371973994,90.0
Western Europe,22,0.3296815571485031,0.17839354459931112,0.5550991016166125,90.0
Western Europe,23,0.3438835184495483,0.18462742653912342,0.5802430249485294,90.0
Western Europe,24,0.35673151367614775,0.1912000011941413,0.6055060404031124,90.0
Western Europe,25,0.3700393940191308,0.19922367444436734,0.6311372435218233,90.0
Western Europe,26,0.3843986983572741,0.20727954938267334,0.6559361224516546,90.0
Global,1,0.0,0.0,0.0,90.0
Global,2,0.0013196073021163857,0.0007878906903924247,0.0020816417468852047,90.0
Global,3,0.009148221398226623,0.005417822835913515,0.014169425751505909,90.0
Global,4,0.01725658198798291,0.010231906116978464,0.026745209277297656,90.0
Global,5,0.02166016459081071,0.012766844688907807,0.03363837670403181,90.0
Global,6,0.026377012682975213,0.015521530808367054,0.041238194518167556,90.0
Global,7,0.03136957705082985,0.018337618442744463,0.04932399202250058,90.0
Global,8,0.0367094758067396,0.02123385470727519,0.057937632058944255,90.0
Global,9,0.042371800722982994,0.02373957082304009,0.06679118402286602,90.0
Global,10,0.048166466867160876,0.026899712999775036,0.07586197388673707,90.0
Global,11,0.05416247616265446,0.030002812157618276,0.08565057582851132,90.0
Global,12,0.06034117980612287,0.03337769195313184,0.09670026236504577,90.0
Global,13,0.06678757949232918,0.036875544094135466,0.10753217306601934,90.0
Global,14,0.07370184140598607,0.040809365963886235,0.1189988687044232,90.0
Global,15,0.07829367399768623,0.04284447458645923,0.12690771386230748,90.0
Global,16,0.0829933717706535,0.04540024056514719,0.13413614657003212,90.0
Global,17,0.08773101656254512,0.047829981253090105,0.14252430480523104,90.0
Global,18,0.09248649541417524,0.0505663150947883,0.1514659748912079,90.0
Global,19,0.09751920203311476,0.0528321116505081,0.15949800688376828,90.0
Global,20,0.10197878131222415,0.05513307928199209,0.16775383567237082,90.0
Global,21,0.10651513055340678,0.057096965032413384,0.17661507957329575,90.0
Global,22,0.11134510786711678,0.059090162043058045,0.18602077005810658,90.0
Global,23,0.11620733189279042,0.06171805888089548,0.19540522679671496,90.0
Global,24,0.12074308832794597,0.06404366030539575,0.20385878762398668,90.0
Global,25,0.12572975054057406,0.06636926172989607,0.21158917019788923,90.0
Global,26,0.1306357388296261,0.06885462655169847,0.21962847013176134,90.0
