region,indoor_vital_ecadr_l_per_s,indoor_essential_ecadr_l_per_s,indoor_vital_ecadr_covid_l_per_s,indoor_essential_ecadr_covid_l_per_s
Australia and New Zealand,1073768263.7088587,2267670950.601313,67771619.86776154,143386514.82436356
Caribbean,4448014676.291111,7901357436.295692,241285996.49600554,465333855.9507034
Central America,4201006382.947743,10223746565.119717,252993430.34593582,631921899.9889522
Central Asia,483267587.718129,993287819.2798008,31271070.403082643,64155322.53508322
Eastern Africa,5583850331.672415,12077810568.007051,327318981.2257156,758919817.9583747
Eastern Asia,29208682739.975662,62087036674.50482,1781010158.451167,3923387637.8682423
Eastern Europe,8324279755.390066,14604514882.852139,529000252.015993,938607912.7894424
Melanesia,126977550.17757833,319129159.698289,7964105.832242287,22549891.378272492
Micronesia,5184378.966906272,12091925.459894616,316412.7718993883,742196.3067332576
Middle Africa,4252480068.4379025,11777449506.937737,264267102.281188,750031909.8694335
Northern Africa,3173545056.8356705,6816940503.0570135,205452952.03519338,445689213.5055977
Northern America,15815086421.50487,30803233387.909996,1002161575.2271457,1953022511.7274284
Northern Europe,3924637678.292631,8702440688.25931,248956202.46609023,546503800.8756304
Polynesia,6324152.3139961865,14483382.750501603,404085.5687523959,920137.8289348262
South America,9260135520.369608,20677007121.87207,595132744.0090694,1348685399.2085888
South-eastern Asia,13606660935.620216,31816394730.04741,835542526.5876124,2101662258.1084795
Southern Africa,1205225504.0632548,2391332008.3947425,74024036.74696606,148883374.14376757
Southern Asia,26764564271.65802,54926989231.162186,1650683363.7815444,3522661922.6307673
Southern Europe,3100307720.268626,6555520959.954249,193946838.5945282,418678785.5448478
Western Africa,5500545960.140853,15574750205.561293,339387949.1077486,993302949.4921882
Western Asia,4886708605.607334,10416413024.80803,315186259.94066197,669850987.6852591
Western Europe,4963886494.957213,9744776806.134945,307685565.1106219,609247378.073587
Global,149915140056.91867,320704377538.6682,9271763228.866926,20458145678.294678
