Country Name,1,2,3,4,5,6,7,8,9,10,11,12,13,14,15,16,17,18,19,20,21,22,23,24,25,26
Aruba,0.0,0.0,0.0,0.0,0.0,0.0,0.0,0.0,0.0,0.0,0.0,0.0,0.0,0.0,0.0,0.0,0.0,0.0,0.0,0.0,0.0,0.0,0.0,0.0,0.0,0.0
Afghanistan,0.0,0.0,0.0,0.0,0.0,0.0,0.0,0.0,0.0,0.0,0.0,0.0,0.0,0.0,0.0,0.0,0.0,0.0,0.0,0.0,0.0,0.0,0.0,0.0,0.0,0.0
Angola,0.0,0.0,0.0,0.0,0.0,0.0,0.0,0.0,0.0,0.0,0.0,0.0,0.0,0.0,0.0,0.0,0.0,0.0,0.0,0.0,0.0,0.0,0.0,0.0,0.0,0.0
Albania,0.0,0.0,0.0,0.0,0.0,0.0,0.0,0.0,0.0,0.0,0.0,0.0,0.0,0.0,0.0,0.0,0.0,0.0,0.0,0.0,0.0,0.0,0.0,0.0,0.0,0.0
Andorra,0.0,0.0,0.0,0.0,0.0,0.0,0.0,0.0,0.0,0.0,0.0,0.0,0.0,0.0,0.0,0.0,0.0,0.0,0.0,0.0,0.0,0.0,0.0,0.0,0.0,0.0
United Arab Emirates,0.0,530109.4340017315,3898385.038027701,7388423.877865302,9349385.350888226,11501415.244884409,13754811.815425921,16026549.18131202,18530601.667038865,21107751.922590964,23810929.915849045,26757227.22621726,29704332.00673967,32898370.54220993,34739339.52161957,36754201.23871826,38848446.9108973,40933887.37210126,43054582.45914448,45075580.11743221,47222854.18128519,49447061.1985223,51503565.26995508,53631752.28174616,55738390.6601681,57967788.13085358
Argentina,0.0,1048708.8747861192,7617022.715959506,14475945.174576472,18413562.070261598,22602291.143457327,26901206.774840787,31401717.443762243,36430578.26106174,41590529.57872829,46772848.34636223,52137907.53914718,58210646.79494001,64193459.66189491,68512846.71327323,72697566.02308494,76893521.97124669,81267073.15864557,85679865.51520923,89706451.77567348,93662113.1156046,97874338.58102134,102142884.62501657,106438504.77494162,110244600.56958729,114440729.52458811
Armenia,0.0,0.0,0.0,0.0,0.0,0.0,0.0,0.0,0.0,0.0,0.0,0.0,0.0,0.0,0.0,0.0,0.0,0.0,0.0,0.0,0.0,0.0,0.0,0.0,0.0,0.0
American Samoa,0.0,0.0,0.0,0.0,0.0,0.0,0.0,0.0,0.0,0.0,0.0,0.0,0.0,0.0,0.0,0.0,0.0,0.0,0.0,0.0,0.0,0.0,0.0,0.0,0.0,0.0
Antigua and Barbuda,0.0,0.0,0.0,0.0,0.0,0.0,0.0,0.0,0.0,0.0,0.0,0.0,0.0,0.0,0.0,0.0,0.0,0.0,0.0,0.0,0.0,0.0,0.0,0.0,0.0,0.0
Australia,0.0,1020382.4033055322,7644589.404378649,14462283.434830219,18459850.269690935,22849569.02786185,27205366.4582661,31910428.691005535,36801962.85435645,41922254.61454257,47431568.06012876,52983357.083113715,59133533.39896931,65411794.76571991,69521780.55244501,73371587.67024791,77331881.47870138,81581109.27449076,85998948.10427919,90063163.05994791,94146214.87904704,98132551.50904834,102351007.55575462,105975514.8449013,109906531.04899749,113953158.70958915
Austria,0.0,863422.0895350548,6324728.995327899,11927409.788961392,15044289.337932967,18566719.684125036,22175999.587709676,25990869.691073462,29977459.33982035,34176727.07296474,38676107.160763934,43365528.31309973,48040144.67095941,53177530.86335718,56523401.03857536,60192490.26336253,63716201.11982866,66944356.56279591,70331064.39107454,73713682.75781153,77085375.50010607,80566911.70334168,83902015.51592654,87192643.60700609,90728912.47933051,94009611.89685217
Azerbaijan,0.0,0.0,0.0,0.0,0.0,0.0,0.0,0.0,0.0,0.0,0.0,0.0,0.0,0.0,0.0,0.0,0.0,0.0,0.0,0.0,0.0,0.0,0.0,0.0,0.0,0.0
Burundi,0.0,0.0,0.0,0.0,0.0,0.0,0.0,0.0,0.0,0.0,0.0,0.0,0.0,0.0,0.0,0.0,0.0,0.0,0.0,0.0,0.0,0.0,0.0,0.0,0.0,0.0
Belgium,0.0,815229.2312629756,5989668.109489992,11375693.544255938,14502684.770515826,17877783.99672474,21285160.086421892,24942202.883902237,28887523.727646347,33166294.282136224,37457248.46145539,41963175.96355964,46492162.171733886,51370115.6819973,54693419.19297871,57802778.69242258,61109170.24565938,64388520.69454686,67579565.08278333,70709671.36805186,73894302.7428284,77154410.00114232,80317334.09517464,83455693.89192034,86516606.12598331,89598716.54103656
Benin,0.0,0.0,0.0,0.0,0.0,0.0,0.0,0.0,0.0,0.0,0.0,0.0,0.0,0.0,0.0,0.0,0.0,0.0,0.0,0.0,0.0,0.0,0.0,0.0,0.0,0.0
Burkina Faso,0.0,0.0,0.0,0.0,0.0,0.0,0.0,0.0,0.0,0.0,0.0,0.0,0.0,0.0,0.0,0.0,0.0,0.0,0.0,0.0,0.0,0.0,0.0,0.0,0.0,0.0
Bangladesh,0.0,1067527.8813707181,6902306.742425051,13016562.243202176,16141521.274435755,19486823.865105674,23002998.767958485,26775287.19197636,30747558.702056915,35081875.4966407,39776169.53576433,44792447.64999967,49603300.60349858,55035889.14686872,59264978.15390489,63688503.460832715,67939986.11574915,72031002.60511988,76235913.99903855,80445687.05538398,84848094.973436,89020666.84987092,93270406.01812418,97387735.85064614,101670782.64576401,106010178.76556998
Bulgaria,0.0,0.0,0.0,0.0,0.0,0.0,0.0,0.0,0.0,0.0,0.0,0.0,0.0,0.0,0.0,0.0,0.0,0.0,0.0,0.0,0.0,0.0,0.0,0.0,0.0,0.0
Bahrain,0.0,0.0,0.0,0.0,0.0,0.0,0.0,0.0,0.0,0.0,0.0,0.0,0.0,0.0,0.0,0.0,0.0,0.0,0.0,0.0,0.0,0.0,0.0,0.0,0.0,0.0
Bahamas,0.0,0.0,0.0,0.0,0.0,0.0,0.0,0.0,0.0,0.0,0.0,0.0,0.0,0.0,0.0,0.0,0.0,0.0,0.0,0.0,0.0,0.0,0.0,0.0,0.0,0.0
Bosnia and Herzegovina,0.0,0.0,0.0,0.0,0.0,0.0,0.0,0.0,0.0,0.0,0.0,0.0,0.0,0.0,0.0,0.0,0.0,0.0,0.0,0.0,0.0,0.0,0.0,0.0,0.0,0.0
Belarus,0.0,150168.82011138272,1069277.5699308435,2031333.7306474284,2581800.1311361943,3157574.5802010596,3752367.9549922035,4397428.69270068,5059433.791510567,5770241.848327864,6504712.183872796,7281391.453918636,8112041.155550947,8939237.647529345,9471735.402229663,10057556.209591605,10643922.08516436,11206498.404214108,11803005.224223897,12372114.409451585,12969711.17532434,13538730.846775059,14155796.361774622,14777812.65775241,15372692.645021036,15984473.739148788
Belize,0.0,0.0,0.0,0.0,0.0,0.0,0.0,0.0,0.0,0.0,0.0,0.0,0.0,0.0,0.0,0.0,0.0,0.0,0.0,0.0,0.0,0.0,0.0,0.0,0.0,0.0
Bermuda,0.0,0.0,0.0,0.0,0.0,0.0,0.0,0.0,0.0,0.0,0.0,0.0,0.0,0.0,0.0,0.0,0.0,0.0,0.0,0.0,0.0,0.0,0.0,0.0,0.0,0.0
Bolivia,0.0,0.0,0.0,0.0,0.0,0.0,0.0,0.0,0.0,0.0,0.0,0.0,0.0,0.0,0.0,0.0,0.0,0.0,0.0,0.0,0.0,0.0,0.0,0.0,0.0,0.0
Brazil,0.0,3149587.068455293,22766873.281557105,43222524.73683199,54738184.78613879,67299189.25302275,79911312.36612709,93748037.51231024,108427740.0998599,123417963.71368557,140116876.2994372,156709741.87559837,174067364.67792052,192577952.42307973,204941711.5565165,217175456.1097507,229563301.59151766,241848303.66378945,254173719.50373325,267061635.06447822,280039639.61332023,293019099.71726424,305571850.51551616,317918331.78442055,330418899.0134703,343216349.6181927
Barbados,0.0,0.0,0.0,0.0,0.0,0.0,0.0,0.0,0.0,0.0,0.0,0.0,0.0,0.0,0.0,0.0,0.0,0.0,0.0,0.0,0.0,0.0,0.0,0.0,0.0,0.0
Brunei Darussalam,0.0,0.0,0.0,0.0,0.0,0.0,0.0,0.0,0.0,0.0,0.0,0.0,0.0,0.0,0.0,0.0,0.0,0.0,0.0,0.0,0.0,0.0,0.0,0.0,0.0,0.0
Bhutan,0.0,0.0,0.0,0.0,0.0,0.0,0.0,0.0,0.0,0.0,0.0,0.0,0.0,0.0,0.0,0.0,0.0,0.0,0.0,0.0,0.0,0.0,0.0,0.0,0.0,0.0
Botswana,0.0,0.0,0.0,0.0,0.0,0.0,0.0,0.0,0.0,0.0,0.0,0.0,0.0,0.0,0.0,0.0,0.0,0.0,0.0,0.0,0.0,0.0,0.0,0.0,0.0,0.0
Central African Republic,0.0,0.0,0.0,0.0,0.0,0.0,0.0,0.0,0.0,0.0,0.0,0.0,0.0,0.0,0.0,0.0,0.0,0.0,0.0,0.0,0.0,0.0,0.0,0.0,0.0,0.0
Canada,0.0,2383056.8068110924,17603140.917521548,33480752.302063797,42522818.98101324,52126677.696017206,62232399.89642717,73147071.05707383,84748766.19176494,96917374.41264576,109293743.48145773,121819831.40425679,135944457.83176768,150329553.7384922,159798099.33702233,169169406.98349148,179301652.91157407,189094705.9834513,198329229.97896338,208068841.70415363,218107946.40359518,227769008.4386407,236839200.5219614,246406655.8928246,255655991.2226525,265854516.77558315
Switzerland,0.0,2128114.38933959,15602460.079369023,29641137.784416955,37719430.41331208,46422401.607120596,55289102.48554581,64675272.43299082,74686939.1236495,85664854.68752086,97143687.4461427,108918772.29303831,121139194.32840288,133949358.26450858,142153592.56769654,150167066.64654052,158142282.12906975,167371782.42970234,176034199.73705113,184625042.3549006,192973632.9000355,201186667.12885922,209844435.55026233,218215369.82790542,226810108.60428545,235379786.8677674
Chile,0.0,300292.29128123925,2153950.439890493,4086305.6792782024,5154310.551592421,6295961.008106327,7514422.982724668,8793398.997126557,10138076.851145193,11622552.224179491,13100171.858091801,14648807.346081136,16264528.381490752,17961310.529779244,19065439.148217358,20225445.750552036,21332128.12764512,22519450.305199206,23751924.819263577,24955803.160630196,26226841.521157563,27347704.812735,28537712.027838923,29764514.762975287,30995527.14377393,32199861.20667111
China,0.0,71713877.20634972,493932479.4299505,932696261.8924125,1175871881.096551,1433116081.6535263,1707714489.6674967,2004879843.6551628,2319965301.3793616,2646514225.493456,2989140360.4606023,3344792533.5853643,3714337686.754353,4121782777.8341417,4412271195.512195,4705647696.594639,4994668299.269411,5279644098.394514,5580239622.236791,5867244320.150864,6166864739.645259,6457267291.315732,6737261053.904406,7024960956.631534,7311663344.087945,7600826074.888046
Côte d'Ivoire,0.0,95562.80724325302,609182.98304075,1149708.0706099453,1413938.4811807424,1700058.8708926463,1997320.2927534794,2316315.70575157,2654330.6492820876,3001113.3789018043,3362834.7491827756,3761132.3607701077,4199431.564242821,4647469.367357517,5012545.979107294,5386283.905857433,5729689.570908861,6044038.836970697,6436978.82818948,6792675.699944955,7143069.748735756,7480462.702489855,7834867.454253674,8189690.494368896,8559152.778621204,8903544.721777799
Cameroon,0.0,0.0,0.0,0.0,0.0,0.0,0.0,0.0,0.0,0.0,0.0,0.0,0.0,0.0,0.0,0.0,0.0,0.0,0.0,0.0,0.0,0.0,0.0,0.0,0.0,0.0
DR Congo,0.0,0.0,0.0,0.0,0.0,0.0,0.0,0.0,0.0,0.0,0.0,0.0,0.0,0.0,0.0,0.0,0.0,0.0,0.0,0.0,0.0,0.0,0.0,0.0,0.0,0.0
Congo Republic,0.0,0.0,0.0,0.0,0.0,0.0,0.0,0.0,0.0,0.0,0.0,0.0,0.0,0.0,0.0,0.0,0.0,0.0,0.0,0.0,0.0,0.0,0.0,0.0,0.0,0.0
Colombia,0.0,433523.8316211658,3037019.9060372463,5738027.595270298,7227879.845713428,8858733.527299602,10519908.347179824,12340741.750728386,14269566.498444062,16250845.420788106,18384971.707358826,20562026.7933186,22879236.82133328,25271492.87408155,26940528.059149064,28748167.029892948,30391707.046349727,32046931.344612658,33647325.75144724,35383178.01917683,37103163.217647225,38869251.02339026,40589879.63387683,42313869.059439436,43991486.35642846,45593507.067928635
Comoros,0.0,0.0,0.0,0.0,0.0,0.0,0.0,0.0,0.0,0.0,0.0,0.0,0.0,0.0,0.0,0.0,0.0,0.0,0.0,0.0,0.0,0.0,0.0,0.0,0.0,0.0
Cabo Verde,0.0,0.0,0.0,0.0,0.0,0.0,0.0,0.0,0.0,0.0,0.0,0.0,0.0,0.0,0.0,0.0,0.0,0.0,0.0,0.0,0.0,0.0,0.0,0.0,0.0,0.0
Costa Rica,0.0,112368.63365805993,793053.0828624163,1506222.8992402698,1899505.8961530675,2322628.4221399706,2753476.6327344202,3231754.460519932,3716060.8016912392,4232369.139529722,4777583.137604155,5345275.480657892,5928959.079334371,6525562.356070998,6964713.042334624,7394070.972014132,7802592.507202581,8242155.859326326,8658168.924259715,9057176.342111595,9502102.417351602,9960756.034568673,10390011.328009536,10826733.85463402,11243759.54269743,11700995.282664916
Cuba,0.0,104839.30338329644,757721.023591816,1438109.4180172945,1817709.045495273,2221431.535542133,2632857.374202505,3078656.7586495997,3554558.1218865206,4056636.1009860486,4576867.729400901,5123760.010096494,5669994.356795761,6254782.94206352,6638132.177845638,7032375.209223161,7448650.627125831,7878586.015102627,8262015.1006408315,8651909.723259736,9034343.110749558,9412123.723512605,9800550.623908842,10192785.679923005,10585063.10427928,10988613.94617872
Curaçao,0.0,0.0,0.0,0.0,0.0,0.0,0.0,0.0,0.0,0.0,0.0,0.0,0.0,0.0,0.0,0.0,0.0,0.0,0.0,0.0,0.0,0.0,0.0,0.0,0.0,0.0
Cayman Islands,0.0,0.0,0.0,0.0,0.0,0.0,0.0,0.0,0.0,0.0,0.0,0.0,0.0,0.0,0.0,0.0,0.0,0.0,0.0,0.0,0.0,0.0,0.0,0.0,0.0,0.0
Cyprus,0.0,0.0,0.0,0.0,0.0,0.0,0.0,0.0,0.0,0.0,0.0,0.0,0.0,0.0,0.0,0.0,0.0,0.0,0.0,0.0,0.0,0.0,0.0,0.0,0.0,0.0
Czechia,0.0,726013.3714356467,5279780.645279432,10025346.039216701,12752225.161543587,15679490.029769428,18637057.824998815,21872346.8375649,25298264.08093866,28895154.651167862,32703176.018338785,36494451.5735147,40486484.66041963,44959099.14487225,47870739.56567831,50469904.61829066,53344478.43520398,56262893.11917505,59250286.87450895,62201789.75850256,65196235.77212336,67938800.6723355,70680651.6109258,73428535.29538476,76263649.96872321,78892941.78918968
Germany,0.0,11125523.032242388,82562701.487114,156553577.4669273,198213235.07049495,244496893.49293643,291348521.4290343,341169720.5396234,394920173.48303205,452150363.2043382,512117989.1900204,573288652.737191,633981842.3999848,699200825.1121118,745474341.7781734,791378240.8588054,838037688.5409666,882266845.9951808,925937529.3642462,971036738.3056606,1017033705.7495157,1062761600.7309909,1106088165.291514,1151476325.083947,1195450335.3876638,1239810705.645557
Djibouti,0.0,0.0,0.0,0.0,0.0,0.0,0.0,0.0,0.0,0.0,0.0,0.0,0.0,0.0,0.0,0.0,0.0,0.0,0.0,0.0,0.0,0.0,0.0,0.0,0.0,0.0
Dominica,0.0,0.0,0.0,0.0,0.0,0.0,0.0,0.0,0.0,0.0,0.0,0.0,0.0,0.0,0.0,0.0,0.0,0.0,0.0,0.0,0.0,0.0,0.0,0.0,0.0,0.0
Denmark,0.0,804261.781586478,5901528.74710458,11177827.704943918,14153283.841116961,17349239.874502353,20729174.490422938,24310709.292883188,28130440.452977598,32265812.477269113,36467036.868388176,40711025.4723278,45220530.36434698,49985722.22228737,53290907.86159086,56477411.50364354,59677791.25957062,62792203.23425687,66231292.0474862,69128760.02334468,72152767.43950143,75309689.49897712,78656897.24421199,81829387.32824597,84943692.20973946,88059190.3216027
Dominican Republic,0.0,140984.09550982877,1019468.5972369169,1932106.0453993827,2447328.3918071575,2997327.096907041,3571291.5514992713,4183388.6940749884,4807621.586666616,5458167.738680007,6176630.131362595,6919821.325753847,7696827.659449282,8477566.563738337,9040695.428632177,9553587.560695894,10066135.140236134,10643355.225505896,11221836.349313494,11768616.69982275,12302886.161489181,12898748.803504588,13435577.047560109,13979330.58621114,14567870.39549962,15128304.309854569
Algeria,0.0,243134.4726130612,1695862.7303580795,3211454.7610071236,4054663.1398313856,4959620.389675016,5863864.540142868,6871191.2622568235,7940867.688878957,9049350.289943114,10196852.67333218,11422647.332318112,12658295.25832183,14006693.92225768,14952332.159459034,15874306.462915923,16830157.06027185,17816665.38686541,18707911.351607904,19682203.641726367,20591418.523793314,21614669.48623082,22610088.667985022,23574323.302708127,24593810.25258623,25551536.38438929
Ecuador,0.0,146955.26133073622,995284.4082476622,1872825.7654365362,2342129.2920208583,2840329.330753931,3358298.6044654576,3906787.7942890134,4499068.787270393,5140247.67525263,5782178.459791444,6456099.048258994,7163964.683136952,7927075.004880082,8472572.979327599,9068045.724396115,9674030.840510363,10241420.612964157,10814926.615326542,11417542.53718207,12036691.838578776,12620956.964577917,13180995.469837425,13769853.828610735,14376492.513119243,14955703.075023122
Egypt,0.0,555780.5795838496,3867984.202602471,7295576.01973051,9213563.292194668,11235097.85692008,13402419.562831711,15688724.04285707,18029722.916743822,20567511.61211376,23265061.029010005,26026023.521558344,28970259.11971176,32117030.076421298,34171454.363425985,36295539.09597206,38600162.464168206,40829806.70326734,43117282.29476127,45309605.06236541,47513337.49091388,49573494.20153461,51619147.5500917,53735344.62797511,55902776.226309955,58082610.766188204
Eritrea,0.0,0.0,0.0,0.0,0.0,0.0,0.0,0.0,0.0,0.0,0.0,0.0,0.0,0.0,0.0,0.0,0.0,0.0,0.0,0.0,0.0,0.0,0.0,0.0,0.0,0.0
Spain,0.0,2155954.5215216414,15628911.366244812,29594476.402300104,37526576.46455769,45933649.11797834,54847018.479653835,64469815.73967771,74452904.35711753,85008498.6109705,96072771.55872104,107896220.51339516,119925927.75772287,132579055.64901409,141219275.42454258,149848918.57356453,158207506.53089333,166994176.16077816,175823251.31244037,184182233.74155408,192886895.0655821,201638964.61907545,209447626.0366814,217857360.17873418,226082585.93664974,235249786.24453473
Estonia,0.0,0.0,0.0,0.0,0.0,0.0,0.0,0.0,0.0,0.0,0.0,0.0,0.0,0.0,0.0,0.0,0.0,0.0,0.0,0.0,0.0,0.0,0.0,0.0,0.0,0.0
Ethiopia,0.0,0.0,0.0,0.0,0.0,0.0,0.0,0.0,0.0,0.0,0.0,0.0,0.0,0.0,0.0,0.0,0.0,0.0,0.0,0.0,0.0,0.0,0.0,0.0,0.0,0.0
Finland,0.0,428205.7436584326,3112080.950973752,5894842.269385432,7436111.288264386,9181351.09320679,10954880.8993863,12840913.069750559,14786130.874212911,16903813.360066585,19138898.20576463,21456313.005208425,23905349.33867056,26429083.543201625,28072671.96029891,29687747.44081379,31335229.384082496,32971278.149153575,34523621.62100985,36302087.37677106,37934768.07434404,39591337.370573625,41247971.29076613,43032641.21308577,44816836.61723139,46467604.90925746
Fiji,0.0,0.0,0.0,0.0,0.0,0.0,0.0,0.0,0.0,0.0,0.0,0.0,0.0,0.0,0.0,0.0,0.0,0.0,0.0,0.0,0.0,0.0,0.0,0.0,0.0,0.0
France,0.0,3633668.764232834,26386313.124244332,49911981.31988298,63712308.98065387,78282662.26246524,92699143.02963726,108692915.23737866,125887296.32735977,144012474.8640585,163103896.69284296,182789210.8137278,202574127.9741704,224521418.29241884,238946362.84103957,253174360.9432761,268479538.1250614,283080157.2000476,296495641.47744894,310629657.34225523,324905677.59819305,339964496.7656933,353955064.0326878,368326523.0873264,383102378.98060834,396207841.4547784
Faroe Islands,0.0,0.0,0.0,0.0,0.0,0.0,0.0,0.0,0.0,0.0,0.0,0.0,0.0,0.0,0.0,0.0,0.0,0.0,0.0,0.0,0.0,0.0,0.0,0.0,0.0,0.0
"Micronesia, Fed. Sts.",0.0,0.0,0.0,0.0,0.0,0.0,0.0,0.0,0.0,0.0,0.0,0.0,0.0,0.0,0.0,0.0,0.0,0.0,0.0,0.0,0.0,0.0,0.0,0.0,0.0,0.0
Gabon,0.0,0.0,0.0,0.0,0.0,0.0,0.0,0.0,0.0,0.0,0.0,0.0,0.0,0.0,0.0,0.0,0.0,0.0,0.0,0.0,0.0,0.0,0.0,0.0,0.0,0.0
United Kingdom,0.0,3533230.9253782844,26167291.401098385,49634974.67863931,63090360.81043671,77354626.21792328,92317527.23087916,108173220.07272212,125305649.18890694,143175215.81584516,161721117.68829525,181267173.84849024,201661683.51765823,222623033.55497447,237146215.2135835,251116522.90147173,265204313.76558295,280441287.06125486,295048274.6078165,307765009.0454892,322400307.3700881,336216846.88181615,349755049.5922966,364152506.4579544,378958342.4127964,393384575.79431343
Georgia,0.0,0.0,0.0,0.0,0.0,0.0,0.0,0.0,0.0,0.0,0.0,0.0,0.0,0.0,0.0,0.0,0.0,0.0,0.0,0.0,0.0,0.0,0.0,0.0,0.0,0.0
Ghana,0.0,0.0,0.0,0.0,0.0,0.0,0.0,0.0,0.0,0.0,0.0,0.0,0.0,0.0,0.0,0.0,0.0,0.0,0.0,0.0,0.0,0.0,0.0,0.0,0.0,0.0
Gibraltar,0.0,0.0,0.0,0.0,0.0,0.0,0.0,0.0,0.0,0.0,0.0,0.0,0.0,0.0,0.0,0.0,0.0,0.0,0.0,0.0,0.0,0.0,0.0,0.0,0.0,0.0
Guinea,0.0,0.0,0.0,0.0,0.0,0.0,0.0,0.0,0.0,0.0,0.0,0.0,0.0,0.0,0.0,0.0,0.0,0.0,0.0,0.0,0.0,0.0,0.0,0.0,0.0,0.0
Gambia,0.0,0.0,0.0,0.0,0.0,0.0,0.0,0.0,0.0,0.0,0.0,0.0,0.0,0.0,0.0,0.0,0.0,0.0,0.0,0.0,0.0,0.0,0.0,0.0,0.0,0.0
Guinea-Bissau,0.0,0.0,0.0,0.0,0.0,0.0,0.0,0.0,0.0,0.0,0.0,0.0,0.0,0.0,0.0,0.0,0.0,0.0,0.0,0.0,0.0,0.0,0.0,0.0,0.0,0.0
Equatorial Guinea,0.0,0.0,0.0,0.0,0.0,0.0,0.0,0.0,0.0,0.0,0.0,0.0,0.0,0.0,0.0,0.0,0.0,0.0,0.0,0.0,0.0,0.0,0.0,0.0,0.0,0.0
Greece,0.0,220201.54139571363,1560808.1066687503,2950787.188079961,3738444.6609842638,4573717.775006894,5475985.530457595,6396262.860992217,7400539.286423304,8437726.114977194,9535070.79044006,10678945.72173816,11883009.43429015,13111688.585411333,13976100.402133876,14815317.079765059,15673397.996071596,16557261.087643411,17429383.00257209,18274008.443276774,19119715.940670077,19970340.13715791,20844805.79418303,21776576.363111403,22668388.433536783,23551752.17734979
Grenada,0.0,0.0,0.0,0.0,0.0,0.0,0.0,0.0,0.0,0.0,0.0,0.0,0.0,0.0,0.0,0.0,0.0,0.0,0.0,0.0,0.0,0.0,0.0,0.0,0.0,0.0
Greenland,0.0,0.0,0.0,0.0,0.0,0.0,0.0,0.0,0.0,0.0,0.0,0.0,0.0,0.0,0.0,0.0,0.0,0.0,0.0,0.0,0.0,0.0,0.0,0.0,0.0,0.0
Guatemala,0.0,139341.9826678469,934773.9222591517,1760090.6200777024,2210369.9609699696,2680235.8345898837,3182136.6058518644,3719387.7999765603,4296413.774851418,4901021.21067634,5543981.823996263,6189964.133044219,6893174.688425056,7612110.402488078,8133854.774748058,8650433.807060702,9197814.2364138,9731939.548467122,10249393.99277414,10814874.210191721,11332385.38922613,11910789.160382316,12446018.656513281,12989378.33650914,13560913.768344928,14143136.150747025
Guam,0.0,0.0,0.0,0.0,0.0,0.0,0.0,0.0,0.0,0.0,0.0,0.0,0.0,0.0,0.0,0.0,0.0,0.0,0.0,0.0,0.0,0.0,0.0,0.0,0.0,0.0
Guyana,0.0,0.0,0.0,0.0,0.0,0.0,0.0,0.0,0.0,0.0,0.0,0.0,0.0,0.0,0.0,0.0,0.0,0.0,0.0,0.0,0.0,0.0,0.0,0.0,0.0,0.0
Hong Kong,0.0,0.0,0.0,0.0,0.0,0.0,0.0,0.0,0.0,0.0,0.0,0.0,0.0,0.0,0.0,0.0,0.0,0.0,0.0,0.0,0.0,0.0,0.0,0.0,0.0,0.0
Honduras,0.0,0.0,0.0,0.0,0.0,0.0,0.0,0.0,0.0,0.0,0.0,0.0,0.0,0.0,0.0,0.0,0.0,0.0,0.0,0.0,0.0,0.0,0.0,0.0,0.0,0.0
Croatia,0.0,62873.13240489963,454040.056694375,860371.6169691058,1078316.2433894386,1317375.2766930135,1564881.0327687992,1819266.3523447192,2078111.4461175937,2361951.1622731276,2663007.526471936,2966981.0151276775,3285203.8203816055,3619050.192157618,3872082.2228737683,4089806.7209696453,4306604.791017085,4558641.515488524,4790942.778300351,5023244.041112181,5234922.489683695,5459742.702831371,5693636.208339064,5909283.3711446095,6145777.719632846,6375010.364510672
Haiti,0.0,0.0,0.0,0.0,0.0,0.0,0.0,0.0,0.0,0.0,0.0,0.0,0.0,0.0,0.0,0.0,0.0,0.0,0.0,0.0,0.0,0.0,0.0,0.0,0.0,0.0
Hungary,0.0,349231.9764317605,2549229.599911401,4838357.946366088,6145168.968457174,7522851.839931514,9035548.365331756,10571963.579786127,12206549.192972425,13872283.265766531,15663317.704473339,17523564.172697987,19552550.758303948,21608151.82816311,22877990.610316247,24147614.453745425,25561939.631390654,26869805.323300682,28186944.61650698,29569232.074119516,30932734.54722945,32432921.860160414,33882967.58227403,35254958.03328114,36547385.82580839,37886904.22915411
Indonesia,0.0,3154237.675585985,21252885.98657625,40017595.733526066,50038016.11710415,61111972.514103755,72544242.32213378,84655127.5092622,97515193.28310573,111170483.0078075,125586253.14923885,141314555.84797803,156965365.01135263,173702816.45809007,186466860.6315022,198930338.5854168,210878476.45896485,222653626.49296626,235088281.02813596,247751530.8352681,259926374.59929556,272539237.83907276,285374450.6146281,297890477.1475128,310897748.66438794,323252194.1172895
Isle of Man,0.0,0.0,0.0,0.0,0.0,0.0,0.0,0.0,0.0,0.0,0.0,0.0,0.0,0.0,0.0,0.0,0.0,0.0,0.0,0.0,0.0,0.0,0.0,0.0,0.0,0.0
India,0.0,6207924.608537016,41039024.12200345,77324172.78413512,96392399.06484486,116849243.77767554,138573255.20453104,161426351.6535467,186398583.30920437,212016448.9438681,240666793.36631995,269300132.63235396,299261629.88938046,330601491.62610936,355604949.503711,380521974.76584184,404561375.3492693,428826563.7128734,453747467.99889886,479061227.3718783,504884093.3410496,529753860.8157073,552958176.8622775,577850785.2340668,602508319.4156914,627941923.807657
Ireland,0.0,2067745.3466809406,15172149.507707253,28853317.886283964,36705474.13244458,44992954.20928888,53660497.80074402,63149178.73640872,72765466.88709646,83073149.49477363,93943999.83169575,105420937.82248561,117207218.60872492,129679864.91009904,137570883.4631536,145557638.59461087,154088767.6095975,162397463.32552677,170487084.33844012,178862553.8786209,187412017.4739225,195547517.0852766,203816331.56602138,211892894.72200775,220226331.39485785,229029627.5729459
Iran,0.0,1059486.7677582984,7371019.212100159,13957248.784353182,17614705.747205418,21524155.761457007,25576451.95814054,30004517.472131766,34652086.57100533,39533914.615780175,44676583.804564975,49857599.86657306,55464771.867929816,61342521.10584526,65687205.40699172,69828940.05151692,74040387.85266902,78415924.51464197,82841043.12530714,86985266.09375024,91103090.63105142,95399222.21220985,99344802.60324974,103504140.6493145,107937130.15288484,112274576.44936645
Iraq,0.0,98093.45111397846,679401.4596844873,1287733.3966344008,1616380.4296448058,1969802.5508015687,2316784.66433788,2701271.7434599157,3090986.925099818,3528710.1701052967,3979254.213838727,4466435.518865963,4970184.0159452865,5503764.625390962,5900107.449249757,6279635.389767934,6632581.901653487,6986303.913224438,7369618.270752443,7720963.767566253,8107857.25651506,8441989.952554978,8794418.848338839,9144944.902532347,9532325.532548577,9911517.995698694
Iceland,0.0,0.0,0.0,0.0,0.0,0.0,0.0,0.0,0.0,0.0,0.0,0.0,0.0,0.0,0.0,0.0,0.0,0.0,0.0,0.0,0.0,0.0,0.0,0.0,0.0,0.0
Israel,0.0,632926.7964592858,4735156.595681025,8963562.78678906,11433976.137148099,14086776.213773929,16811676.788259335,19672048.636947095,22739015.062633846,25909105.04921687,29260806.22599719,32867215.864357486,36527493.66610391,40372651.35779716,43180509.1145665,45545221.70898293,47889325.16133252,50383434.51682751,52867753.57799214,55207117.03407869,57792120.07467024,60241621.839110866,62694622.28906567,65211519.75080772,67803336.56125155,70146555.0664062
Italy,0.0,4388537.021988827,32142057.001426645,61015709.417032,78054823.52617471,95690675.604895,113912577.57484786,133303310.89013068,153108424.98244414,174829962.0518583,197570255.02827805,220973485.36336577,245550498.47603512,271819858.71766603,290087150.0234674,308164793.38982606,326166710.10537326,343620162.39534724,360197485.4431137,377426870.01538575,395751522.0446092,413015704.9574554,430091249.4178301,446923078.8569286,464580433.1775899,481657023.8889365
Jamaica,0.0,0.0,0.0,0.0,0.0,0.0,0.0,0.0,0.0,0.0,0.0,0.0,0.0,0.0,0.0,0.0,0.0,0.0,0.0,0.0,0.0,0.0,0.0,0.0,0.0,0.0
Jordan,0.0,69524.59446975122,474971.69375944126,894831.2718888271,1129059.70991289,1370365.558644775,1636390.8510555262,1896763.9069827672,2191558.987643542,2506779.548361044,2827617.2473050193,3161394.7099304255,3516176.556585068,3869868.420441641,4136414.346960161,4396157.580969788,4616437.756733308,4850548.060043111,5102601.734251734,5354636.7261095075,5592727.821232163,5835241.200675871,6052304.040165475,6292565.833953427,6533964.062491581,6774444.254727436
Japan,0.0,10324001.450200226,75906110.68393931,144208126.9118569,183212615.4171665,224245020.13656113,267399377.51134908,313210003.6810677,361498681.7031547,413890306.79043746,468060716.2587122,525046378.78124803,584394153.1623024,645554791.1792353,689764570.5753498,730285105.5392616,770953444.05198,812066560.4037111,854500594.8337872,898196041.5639205,934907247.4377255,977869555.9309567,1018579243.7901917,1059231142.3244452,1100353369.789462,1143465803.67637
Kazakhstan,0.0,357602.83278620645,2398162.1713201655,4526643.003969748,5647587.1851984095,6836764.621009073,8135496.368385741,9470318.913027216,10946136.629767958,12460584.548314493,14059808.42312358,15747881.217215605,17538833.333776534,19398028.486089982,20799404.59594741,22146057.479802538,23588503.82317803,25059664.483849693,26489608.44206489,27801599.4884492,29282839.73096509,30692931.36179085,32021168.177747175,33324947.59106701,34702985.565714374,36041824.550251454
Kenya,0.0,0.0,0.0,0.0,0.0,0.0,0.0,0.0,0.0,0.0,0.0,0.0,0.0,0.0,0.0,0.0,0.0,0.0,0.0,0.0,0.0,0.0,0.0,0.0,0.0,0.0
Kyrgyzstan,0.0,0.0,0.0,0.0,0.0,0.0,0.0,0.0,0.0,0.0,0.0,0.0,0.0,0.0,0.0,0.0,0.0,0.0,0.0,0.0,0.0,0.0,0.0,0.0,0.0,0.0
Cambodia,0.0,114830.87437876017,771924.0333047591,1456530.0466525876,1822477.3490497572,2204051.5022699665,2604909.160779017,3041533.176421742,3509605.2127188705,4004417.2763508027,4530368.903029616,5062858.202456582,5628483.097203232,6235872.064228603,6644258.25922996,7102415.195627691,7539556.949409479,7960706.629990667,8379692.205381498,8802272.493120084,9250679.064765994,9689837.231564824,10127948.117525041,10580023.108699735,11031444.873827264,11490686.256420301
Kiribati,0.0,0.0,0.0,0.0,0.0,0.0,0.0,0.0,0.0,0.0,0.0,0.0,0.0,0.0,0.0,0.0,0.0,0.0,0.0,0.0,0.0,0.0,0.0,0.0,0.0,0.0
St. Kitts and Nevis,0.0,0.0,0.0,0.0,0.0,0.0,0.0,0.0,0.0,0.0,0.0,0.0,0.0,0.0,0.0,0.0,0.0,0.0,0.0,0.0,0.0,0.0,0.0,0.0,0.0,0.0
South Korea,0.0,6278507.425119249,44776432.3820042,84646221.53572845,107416262.27563427,131891177.00840013,156239178.4107376,183070757.0770554,210722273.90914023,241035953.50852376,272444958.2758895,305676568.56014323,339113658.77223396,374253768.75590324,400138665.91741866,425634642.69091713,450914614.7021162,477297933.37292695,502806405.7506684,527292687.42999446,553130655.0202925,578601483.0725379,603393618.5321178,629729014.055201,654737753.54707,679699700.7023425
Kuwait,0.0,114013.73643087724,828486.4212069435,1573253.5506697514,2004617.768615423,2468257.0097553767,2931752.124326098,3422873.3818015642,3953053.783721423,4497711.1551137725,5053326.61784502,5665060.378786633,6296345.968975861,6954072.027024746,7403790.310658786,7825277.0176335685,8275169.729490181,8714801.681399569,9133833.086785728,9602418.977710601,10033564.566286523,10428972.649722202,10844719.812226404,11276322.667239616,11723554.874184888,12172392.337615184
Laos,0.0,0.0,0.0,0.0,0.0,0.0,0.0,0.0,0.0,0.0,0.0,0.0,0.0,0.0,0.0,0.0,0.0,0.0,0.0,0.0,0.0,0.0,0.0,0.0,0.0,0.0
Lebanon,0.0,0.0,0.0,0.0,0.0,0.0,0.0,0.0,0.0,0.0,0.0,0.0,0.0,0.0,0.0,0.0,0.0,0.0,0.0,0.0,0.0,0.0,0.0,0.0,0.0,0.0
Liberia,0.0,0.0,0.0,0.0,0.0,0.0,0.0,0.0,0.0,0.0,0.0,0.0,0.0,0.0,0.0,0.0,0.0,0.0,0.0,0.0,0.0,0.0,0.0,0.0,0.0,0.0
Libya,0.0,0.0,0.0,0.0,0.0,0.0,0.0,0.0,0.0,0.0,0.0,0.0,0.0,0.0,0.0,0.0,0.0,0.0,0.0,0.0,0.0,0.0,0.0,0.0,0.0,0.0
St. Lucia,0.0,0.0,0.0,0.0,0.0,0.0,0.0,0.0,0.0,0.0,0.0,0.0,0.0,0.0,0.0,0.0,0.0,0.0,0.0,0.0,0.0,0.0,0.0,0.0,0.0,0.0
Liechtenstein,0.0,0.0,0.0,0.0,0.0,0.0,0.0,0.0,0.0,0.0,0.0,0.0,0.0,0.0,0.0,0.0,0.0,0.0,0.0,0.0,0.0,0.0,0.0,0.0,0.0,0.0
Sri Lanka,0.0,160430.98861115676,1118427.0593733385,2107838.9512335025,2653317.8456147714,3238371.3736414383,3855953.3423806867,4495056.695688944,5209285.432301577,5933204.544087868,6697622.8577635,7492995.995712779,8350564.207257746,9229338.733439922,9835468.057301145,10470509.201052913,11063711.703264033,11695108.16424954,12337640.844564361,12938874.800255062,13548601.565444376,14197264.05093889,14828123.135914044,15445708.816998787,16073313.791042544,16699232.185812509
Lesotho,0.0,0.0,0.0,0.0,0.0,0.0,0.0,0.0,0.0,0.0,0.0,0.0,0.0,0.0,0.0,0.0,0.0,0.0,0.0,0.0,0.0,0.0,0.0,0.0,0.0,0.0
Lithuania,0.0,100254.35890220581,736124.6859086016,1397329.6307125275,1781151.541838232,2179681.0676514683,2578662.507052708,3018361.0908521404,3474616.2086705575,3948914.3408999126,4468491.090968585,4987402.833438,5561275.51552485,6117610.0389037,6505077.32881038,6866393.134141958,7276393.309253441,7667059.91154553,8026528.057896255,8406640.644634321,8779540.393826876,9166897.09493929,9512391.4356063,9912505.272393862,10301610.0814394,10672900.095329601
Luxembourg,0.0,0.0,0.0,0.0,0.0,0.0,0.0,0.0,0.0,0.0,0.0,0.0,0.0,0.0,0.0,0.0,0.0,0.0,0.0,0.0,0.0,0.0,0.0,0.0,0.0,0.0
Latvia,0.0,0.0,0.0,0.0,0.0,0.0,0.0,0.0,0.0,0.0,0.0,0.0,0.0,0.0,0.0,0.0,0.0,0.0,0.0,0.0,0.0,0.0,0.0,0.0,0.0,0.0
Macau,0.0,0.0,0.0,0.0,0.0,0.0,0.0,0.0,0.0,0.0,0.0,0.0,0.0,0.0,0.0,0.0,0.0,0.0,0.0,0.0,0.0,0.0,0.0,0.0,0.0,0.0
Saint-Martin,0.0,0.0,0.0,0.0,0.0,0.0,0.0,0.0,0.0,0.0,0.0,0.0,0.0,0.0,0.0,0.0,0.0,0.0,0.0,0.0,0.0,0.0,0.0,0.0,0.0,0.0
Morocco,0.0,233370.93590807673,1630488.6560642098,3077101.483827302,3875646.4543884527,4726589.673252267,5645995.7621938735,6564926.302484816,7613676.258990843,8669573.658843242,9783664.211963873,10958715.777179413,12201743.294922981,13487892.478707824,14410350.303508911,15239762.63542735,16162628.044558046,17111988.368808515,18023791.3734482,18926028.048072215,19805517.059308454,20694631.820724376,21684383.97917604,22583870.904316127,23491895.199361466,24370319.679139204
Monaco,0.0,0.0,0.0,0.0,0.0,0.0,0.0,0.0,0.0,0.0,0.0,0.0,0.0,0.0,0.0,0.0,0.0,0.0,0.0,0.0,0.0,0.0,0.0,0.0,0.0,0.0
Moldova,0.0,0.0,0.0,0.0,0.0,0.0,0.0,0.0,0.0,0.0,0.0,0.0,0.0,0.0,0.0,0.0,0.0,0.0,0.0,0.0,0.0,0.0,0.0,0.0,0.0,0.0
Madagascar,0.0,0.0,0.0,0.0,0.0,0.0,0.0,0.0,0.0,0.0,0.0,0.0,0.0,0.0,0.0,0.0,0.0,0.0,0.0,0.0,0.0,0.0,0.0,0.0,0.0,0.0
Maldives,0.0,0.0,0.0,0.0,0.0,0.0,0.0,0.0,0.0,0.0,0.0,0.0,0.0,0.0,0.0,0.0,0.0,0.0,0.0,0.0,0.0,0.0,0.0,0.0,0.0,0.0
Mexico,0.0,4507716.861185385,30837309.795527294,58315673.58737469,73082431.47338632,89100567.11595878,106194985.94406894,123766164.56498744,142481546.79109317,162056543.07187504,183519736.4188587,206862632.30269212,230683267.12783948,255356517.63923264,274626714.529809,292452376.2391548,310635913.0165532,328981158.2402511,346666847.6674712,363236937.31309247,380190862.1368531,399004669.7952764,417500951.75765824,435550699.78593105,454427988.39347184,472103400.2361316
Marshall Islands,0.0,0.0,0.0,0.0,0.0,0.0,0.0,0.0,0.0,0.0,0.0,0.0,0.0,0.0,0.0,0.0,0.0,0.0,0.0,0.0,0.0,0.0,0.0,0.0,0.0,0.0
North Macedonia,0.0,0.0,0.0,0.0,0.0,0.0,0.0,0.0,0.0,0.0,0.0,0.0,0.0,0.0,0.0,0.0,0.0,0.0,0.0,0.0,0.0,0.0,0.0,0.0,0.0,0.0
Mali,0.0,0.0,0.0,0.0,0.0,0.0,0.0,0.0,0.0,0.0,0.0,0.0,0.0,0.0,0.0,0.0,0.0,0.0,0.0,0.0,0.0,0.0,0.0,0.0,0.0,0.0
Malta,0.0,0.0,0.0,0.0,0.0,0.0,0.0,0.0,0.0,0.0,0.0,0.0,0.0,0.0,0.0,0.0,0.0,0.0,0.0,0.0,0.0,0.0,0.0,0.0,0.0,0.0
Myanmar,0.0,172309.33238132205,1100135.0732067958,2068989.6839058711,2547245.410566125,3082246.285481235,3631935.7498842264,4235967.432600997,4871777.136808697,5534807.768401401,6239561.128472215,6969529.8553091595,7778402.844004947,8606503.152154485,9287287.165151253,9998460.094120976,10629883.342188463,11311973.01461573,12000326.883726517,12677437.052675735,13370924.231745556,14048004.660744078,14757957.927017113,15466809.752050642,16167232.804271927,16881070.556001447
Montenegro,0.0,0.0,0.0,0.0,0.0,0.0,0.0,0.0,0.0,0.0,0.0,0.0,0.0,0.0,0.0,0.0,0.0,0.0,0.0,0.0,0.0,0.0,0.0,0.0,0.0,0.0
Mongolia,0.0,0.0,0.0,0.0,0.0,0.0,0.0,0.0,0.0,0.0,0.0,0.0,0.0,0.0,0.0,0.0,0.0,0.0,0.0,0.0,0.0,0.0,0.0,0.0,0.0,0.0
Northern Mariana Islands,0.0,0.0,0.0,0.0,0.0,0.0,0.0,0.0,0.0,0.0,0.0,0.0,0.0,0.0,0.0,0.0,0.0,0.0,0.0,0.0,0.0,0.0,0.0,0.0,0.0,0.0
Mozambique,0.0,0.0,0.0,0.0,0.0,0.0,0.0,0.0,0.0,0.0,0.0,0.0,0.0,0.0,0.0,0.0,0.0,0.0,0.0,0.0,0.0,0.0,0.0,0.0,0.0,0.0
Mauritania,0.0,0.0,0.0,0.0,0.0,0.0,0.0,0.0,0.0,0.0,0.0,0.0,0.0,0.0,0.0,0.0,0.0,0.0,0.0,0.0,0.0,0.0,0.0,0.0,0.0,0.0
Mauritius,0.0,0.0,0.0,0.0,0.0,0.0,0.0,0.0,0.0,0.0,0.0,0.0,0.0,0.0,0.0,0.0,0.0,0.0,0.0,0.0,0.0,0.0,0.0,0.0,0.0,0.0
Malawi,0.0,0.0,0.0,0.0,0.0,0.0,0.0,0.0,0.0,0.0,0.0,0.0,0.0,0.0,0.0,0.0,0.0,0.0,0.0,0.0,0.0,0.0,0.0,0.0,0.0,0.0
Malaysia,0.0,1026635.3144064767,6945675.847536512,13117774.879957262,16396764.794823032,19980538.686001882,23650342.25235419,27668005.637495786,31908702.908370133,36466050.314445525,41184929.388303146,46151493.21857916,51361527.10806506,56807703.590409845,60898019.68626515,65010521.69002381,69217975.37363635,73196556.80373245,77245779.34823003,81315363.82874036,85433746.91782635,89190194.1918787,93439274.38077666,97373127.3173553,101329908.08892483,105606686.59438479
Namibia,0.0,0.0,0.0,0.0,0.0,0.0,0.0,0.0,0.0,0.0,0.0,0.0,0.0,0.0,0.0,0.0,0.0,0.0,0.0,0.0,0.0,0.0,0.0,0.0,0.0,0.0
New Caledonia,0.0,0.0,0.0,0.0,0.0,0.0,0.0,0.0,0.0,0.0,0.0,0.0,0.0,0.0,0.0,0.0,0.0,0.0,0.0,0.0,0.0,0.0,0.0,0.0,0.0,0.0
Niger,0.0,0.0,0.0,0.0,0.0,0.0,0.0,0.0,0.0,0.0,0.0,0.0,0.0,0.0,0.0,0.0,0.0,0.0,0.0,0.0,0.0,0.0,0.0,0.0,0.0,0.0
Nigeria,0.0,205670.55271417476,1363401.4669358227,2567361.900707758,3195892.1132598585,3883746.905054977,4596610.687559835,5370028.593917638,6151841.779227616,7012752.201194642,7911520.537985201,8890796.656326462,9878862.482703999,10944782.799751893,11748341.915270392,12547527.831930965,13368025.641419945,14175560.613206837,14947274.829055447,15760260.300161935,16580277.196733434,17371901.0889141,18220274.971302543,19015886.682456963,19835183.054848343,20654399.7374843
Nicaragua,0.0,0.0,0.0,0.0,0.0,0.0,0.0,0.0,0.0,0.0,0.0,0.0,0.0,0.0,0.0,0.0,0.0,0.0,0.0,0.0,0.0,0.0,0.0,0.0,0.0,0.0
Netherlands,0.0,1354553.2695362587,10019011.201928131,18992366.003894538,24198416.33212041,29895978.49643314,35666641.16081101,41884194.1726165,48370783.7970149,55217891.49595104,62494102.278662756,69899207.28290683,77695954.8090156,85676894.28921261,91278316.14623636,96470596.79002866,102020054.11121693,107807121.08677164,112921284.08248904,118403459.84656115,123732631.94900995,128868520.19205979,134117415.85186909,139820045.81333154,144952997.0377017,149899697.99766824
Norway,0.0,278977.1308900284,2040373.1042715735,3862376.019595639,4895494.922521615,6016341.787113657,7175390.467877821,8428283.24781068,9722872.282258853,11097581.056317173,12543742.355639417,14095388.468669146,15668354.868071575,17296678.621609204,18322364.616971903,19418776.51460357,20492108.722780295,21584302.535932004,22596401.70714767,23697353.256845035,24848758.147329077,25903922.23377747,27066933.425723445,28164258.366119914,29228812.998581715,30361135.86012625
Nepal,0.0,0.0,0.0,0.0,0.0,0.0,0.0,0.0,0.0,0.0,0.0,0.0,0.0,0.0,0.0,0.0,0.0,0.0,0.0,0.0,0.0,0.0,0.0,0.0,0.0,0.0
Nauru,0.0,0.0,0.0,0.0,0.0,0.0,0.0,0.0,0.0,0.0,0.0,0.0,0.0,0.0,0.0,0.0,0.0,0.0,0.0,0.0,0.0,0.0,0.0,0.0,0.0,0.0
New Zealand,0.0,199005.91757393413,1494958.024169813,2832274.0449820748,3595896.0008349554,4443515.055995595,5315310.807359269,6237264.879028831,7208177.313532393,8225216.81567057,9284663.25921287,10354507.907402914,11470207.552953279,12659184.548023567,13468476.091502108,14207724.90528505,14974967.354341429,15804454.145580072,16511730.886356357,17316940.737577707,18116695.704310756,18911448.145582557,19703929.34117714,20440904.97682669,21255679.001536056,22074935.266916275
Oman,0.0,88166.88263041191,638791.6592190077,1210172.6829049913,1527417.8326388488,1874844.5398652523,2235979.367976878,2615311.9357806826,2995531.3223839863,3402505.879249635,3815617.0070332587,4284274.464140337,4748141.274283831,5233904.647933517,5562916.204010427,5883731.044304002,6238775.266341634,6557525.4331853315,6869199.095582533,7176154.114250108,7511512.00013715,7840512.84084134,8172094.898128416,8503268.538731726,8835058.452549499,9141261.02589839
Pakistan,0.0,496864.66144319635,3303212.2903969674,6205598.975497753,7724401.257998021,9324192.794500817,11043084.033707138,12916112.263787113,14854195.263585255,16862475.554667313,19061350.352280643,21317354.653476678,23762820.682663403,26352260.71870234,28344070.93640989,30358187.724804297,32180910.878771745,34075757.633609116,35914371.653544225,37883209.27405383,39863417.017202884,41720354.26726353,43716960.58330434,45634819.32139006,47595628.52266439,49576347.59040414
Panama,0.0,0.0,0.0,0.0,0.0,0.0,0.0,0.0,0.0,0.0,0.0,0.0,0.0,0.0,0.0,0.0,0.0,0.0,0.0,0.0,0.0,0.0,0.0,0.0,0.0,0.0
Peru,0.0,353216.5711491818,2414438.692136337,4543541.984680869,5686520.57634463,6887918.763819441,8153778.472358208,9502656.24207118,11007236.649393927,12525764.567046728,14161234.935787417,15890121.945074018,17724293.06038988,19604913.1959382,20880608.459428813,22257864.42134888,23647536.219555654,25061438.029170174,26442637.948356673,27773343.074013196,29156272.207717963,30497913.550377063,31941325.053302564,33356353.219010063,34773781.91984835,36086732.20800018
Philippines,0.0,763663.9598020572,5316306.854768573,10057314.440398727,12667926.065003633,15489278.28137377,18341108.157701828,21483083.518380344,24809511.545068704,28305238.70959569,31937738.326628737,35750668.05890776,39704357.767248556,43864353.07884008,46897027.1503403,50077599.331712216,53116682.757340804,56164540.36687988,59335354.76804286,62176801.555406734,65050107.43055537,67863965.83387215,70848224.33597946,73864618.978791,76745705.96905753,79857114.35683285
Palau,0.0,0.0,0.0,0.0,0.0,0.0,0.0,0.0,0.0,0.0,0.0,0.0,0.0,0.0,0.0,0.0,0.0,0.0,0.0,0.0,0.0,0.0,0.0,0.0,0.0,0.0
Papua New Guinea,0.0,0.0,0.0,0.0,0.0,0.0,0.0,0.0,0.0,0.0,0.0,0.0,0.0,0.0,0.0,0.0,0.0,0.0,0.0,0.0,0.0,0.0,0.0,0.0,0.0,0.0
Poland,0.0,1664556.9211085737,12115511.908702575,22899524.223552667,29038137.8850295,35686610.51903446,42637221.09379369,49882977.260838255,57565979.25807814,65758740.86768916,74151132.55985114,83097706.56897916,92368950.51880729,101944260.03367442,108353584.24167278,114991582.30328822,121759453.4580543,128626412.97146419,135786396.941868,143008987.72001654,149441781.86302784,155488859.9689777,162194795.99105877,168342091.51470906,174755499.2989528,181618575.13687348
Puerto Rico,0.0,573560.8690511804,4115469.2481433344,7788043.383269116,9906391.18429393,12131223.924138349,14464036.475349162,16880879.0094992,19498031.140555147,22287786.95091062,25182458.922012165,28092942.12157014,31275186.763996862,34491254.915822715,36700592.16399205,38910054.498038635,41189708.60226084,43525648.32204638,45862399.69899401,47996995.85004083,50342369.00063144,52471497.11605476,54662575.589356884,56887335.01346301,58940872.02116956,61105066.39945072
North Korea,0.0,0.0,0.0,0.0,0.0,0.0,0.0,0.0,0.0,0.0,0.0,0.0,0.0,0.0,0.0,0.0,0.0,0.0,0.0,0.0,0.0,0.0,0.0,0.0,0.0,0.0
Portugal,0.0,365334.5683399923,2693754.1074687047,5106926.184199747,6504391.017102154,8016099.402752316,9589745.360845879,11196165.27748839,12931781.041541874,14812372.180276476,16666843.016561281,18711308.237312585,20799120.327942185,22874258.9233379,24131513.629995123,25560393.895907722,26936864.83153505,28364581.97349628,29818137.928976886,31267870.0153249,32752600.688586585,34181070.269217595,35528582.6968209,37082864.44278957,38561490.54962292,39957090.495256044
Paraguay,0.0,0.0,0.0,0.0,0.0,0.0,0.0,0.0,0.0,0.0,0.0,0.0,0.0,0.0,0.0,0.0,0.0,0.0,0.0,0.0,0.0,0.0,0.0,0.0,0.0,0.0
Palestine,0.0,0.0,0.0,0.0,0.0,0.0,0.0,0.0,0.0,0.0,0.0,0.0,0.0,0.0,0.0,0.0,0.0,0.0,0.0,0.0,0.0,0.0,0.0,0.0,0.0,0.0
French Polynesia,0.0,0.0,0.0,0.0,0.0,0.0,0.0,0.0,0.0,0.0,0.0,0.0,0.0,0.0,0.0,0.0,0.0,0.0,0.0,0.0,0.0,0.0,0.0,0.0,0.0,0.0
Qatar,0.0,163165.41940722457,1194682.1574787586,2263225.507741032,2886072.2985808714,3553022.050536466,4236903.677658323,4980248.950916357,5746076.601623808,6543923.74790707,7386813.312006712,8277149.902894119,9195295.588612974,10163190.24101185,10778101.116275039,11345045.279885747,11956512.295002863,12570828.037524153,13210313.433718871,13881197.543335158,14506359.295978928,15143794.238666948,15782296.981228866,16424035.70114654,17059764.145195436,17703526.968177557
Romania,0.0,515175.55929902865,3634503.9014379596,6870361.032405735,8685507.459186938,10565782.728641722,12622497.113903116,14794807.744146597,17045689.368330397,19482852.924238488,21974579.474530313,24633938.848880537,27383078.06291568,30178886.00311894,32240196.653724223,34156166.54203693,36328836.410044245,38419816.4138672,40415427.95730527,42349997.43012245,44443720.62042564,46578055.595465526,48596655.15542699,50505707.6890231,52410861.80533492,54223208.40756697
Russia,0.0,3473593.9821740454,24962491.381141506,47380127.30080166,59775332.503839485,73426797.9405612,87392068.16287431,102372261.16773194,118505734.09120321,135341487.12103826,153227958.69898558,171065529.33894703,189606490.57932144,209596912.2006247,224326596.5334549,238447512.76266694,251899861.94940636,265758892.08789366,278916022.21462405,292477929.63953626,305919440.4411571,320234789.35656816,334374092.43388486,348358525.19148636,361257664.73675567,375425045.8348553
Rwanda,0.0,0.0,0.0,0.0,0.0,0.0,0.0,0.0,0.0,0.0,0.0,0.0,0.0,0.0,0.0,0.0,0.0,0.0,0.0,0.0,0.0,0.0,0.0,0.0,0.0,0.0
Saudi Arabia,0.0,2341262.2666047662,17078876.397952013,32427907.036481626,41253139.63408496,50587023.14175625,60529166.26404668,70855519.22914003,82071931.26023427,93930083.99372095,105756267.35180587,118668517.84691688,131733178.25303058,145617104.33651844,155216739.12909502,165347139.8250326,174632601.2784748,184195762.6910908,193144662.4214491,202763966.16577303,212330641.68450117,221916977.54979524,230818231.41016525,239564861.56909153,249042351.10628334,257661523.4300605
Sudan,0.0,0.0,0.0,0.0,0.0,0.0,0.0,0.0,0.0,0.0,0.0,0.0,0.0,0.0,0.0,0.0,0.0,0.0,0.0,0.0,0.0,0.0,0.0,0.0,0.0,0.0
Senegal,0.0,0.0,0.0,0.0,0.0,0.0,0.0,0.0,0.0,0.0,0.0,0.0,0.0,0.0,0.0,0.0,0.0,0.0,0.0,0.0,0.0,0.0,0.0,0.0,0.0,0.0
Singapore,0.0,1004774.3404113083,7553564.8995134365,14394303.667058464,18430319.764889702,22713535.760631524,27155116.059132867,31803100.882239446,36665573.696642935,41812986.44362165,47261365.69144836,52932523.151700035,58768353.62205244,65104975.31414914,69203427.57307422,73026572.08367124,76955791.43029954,81157791.13163127,85065630.20589092,89292378.67922173,93161479.2986786,97120034.35415769,100956130.76292053,104864345.72276214,108529643.10056536,112545769.9884384
Solomon Islands,0.0,0.0,0.0,0.0,0.0,0.0,0.0,0.0,0.0,0.0,0.0,0.0,0.0,0.0,0.0,0.0,0.0,0.0,0.0,0.0,0.0,0.0,0.0,0.0,0.0,0.0
Sierra Leone,0.0,0.0,0.0,0.0,0.0,0.0,0.0,0.0,0.0,0.0,0.0,0.0,0.0,0.0,0.0,0.0,0.0,0.0,0.0,0.0,0.0,0.0,0.0,0.0,0.0,0.0
El Salvador,0.0,0.0,0.0,0.0,0.0,0.0,0.0,0.0,0.0,0.0,0.0,0.0,0.0,0.0,0.0,0.0,0.0,0.0,0.0,0.0,0.0,0.0,0.0,0.0,0.0,0.0
San Marino,0.0,0.0,0.0,0.0,0.0,0.0,0.0,0.0,0.0,0.0,0.0,0.0,0.0,0.0,0.0,0.0,0.0,0.0,0.0,0.0,0.0,0.0,0.0,0.0,0.0,0.0
Somalia,0.0,0.0,0.0,0.0,0.0,0.0,0.0,0.0,0.0,0.0,0.0,0.0,0.0,0.0,0.0,0.0,0.0,0.0,0.0,0.0,0.0,0.0,0.0,0.0,0.0,0.0
Serbia,0.0,98095.67011320137,687014.4725358146,1296476.1393733695,1630386.0569201845,1985855.0966795678,2368060.312824835,2759375.187680615,3171559.686881548,3611819.169203064,4071210.517220686,4563801.676694528,5037438.183593595,5538086.663075579,5927477.86074973,6304914.304077318,6644503.1955497265,6999931.044312196,7362161.878977407,7736790.066001475,8120535.806099283,8466064.111842988,8829913.117713157,9190708.094045248,9528316.365404975,9892135.769770185
South Sudan,0.0,0.0,0.0,0.0,0.0,0.0,0.0,0.0,0.0,0.0,0.0,0.0,0.0,0.0,0.0,0.0,0.0,0.0,0.0,0.0,0.0,0.0,0.0,0.0,0.0,0.0
Sao Tome and Principe,0.0,0.0,0.0,0.0,0.0,0.0,0.0,0.0,0.0,0.0,0.0,0.0,0.0,0.0,0.0,0.0,0.0,0.0,0.0,0.0,0.0,0.0,0.0,0.0,0.0,0.0
Suriname,0.0,0.0,0.0,0.0,0.0,0.0,0.0,0.0,0.0,0.0,0.0,0.0,0.0,0.0,0.0,0.0,0.0,0.0,0.0,0.0,0.0,0.0,0.0,0.0,0.0,0.0
Slovakia,0.0,217881.20536399746,1592797.4896349278,3018962.834920619,3819571.91325893,4691230.782692153,5595155.367857138,6538964.487704142,7520329.156723032,8603225.31526414,9730348.945676027,10871281.570548434,12103390.237692464,13398452.801943853,14263656.933166917,15160648.003169458,15948743.285531351,16799945.905550484,17681407.127898745,18504463.333932914,19328584.146203913,20197674.640277393,21107097.53343292,21943760.39220108,22819459.348067135,23712581.747671258
Slovenia,0.0,127285.17594871318,930765.3764393835,1764897.0954516558,2255267.5399695644,2748765.9709429056,3287081.5228697294,3844903.174213402,4452717.68682087,5095978.907504085,5734629.358544728,6394949.005243044,7119150.3782758415,7868624.294797771,8341701.715617908,8853079.278913138,9311567.200421888,9792613.503305033,10303138.59998412,10765807.28574839,11243511.620525789,11730794.259389471,12210998.698847895,12667979.799379911,13156742.01811888,13677200.328480568
Sweden,0.0,841290.837359914,6198489.169832609,11784602.926971883,15035426.973170083,18569128.00168322,22189867.587703288,26017865.171196915,29995375.25937373,34185340.28366935,38692373.82492894,43244527.15870185,48126746.36642351,53109832.381821975,56269213.561531015,59589193.89713411,63191443.5221601,66477333.63423741,69657245.6534675,73188954.8945322,76558007.33474481,79981595.43919241,83362228.61719075,86469207.84286007,89565177.80423778,92539954.55173221
Eswatini,0.0,0.0,0.0,0.0,0.0,0.0,0.0,0.0,0.0,0.0,0.0,0.0,0.0,0.0,0.0,0.0,0.0,0.0,0.0,0.0,0.0,0.0,0.0,0.0,0.0,0.0
Sint Maarten,0.0,0.0,0.0,0.0,0.0,0.0,0.0,0.0,0.0,0.0,0.0,0.0,0.0,0.0,0.0,0.0,0.0,0.0,0.0,0.0,0.0,0.0,0.0,0.0,0.0,0.0
Seychelles,0.0,0.0,0.0,0.0,0.0,0.0,0.0,0.0,0.0,0.0,0.0,0.0,0.0,0.0,0.0,0.0,0.0,0.0,0.0,0.0,0.0,0.0,0.0,0.0,0.0,0.0
Syria,0.0,0.0,0.0,0.0,0.0,0.0,0.0,0.0,0.0,0.0,0.0,0.0,0.0,0.0,0.0,0.0,0.0,0.0,0.0,0.0,0.0,0.0,0.0,0.0,0.0,0.0
Turks and Caicos Islands,0.0,0.0,0.0,0.0,0.0,0.0,0.0,0.0,0.0,0.0,0.0,0.0,0.0,0.0,0.0,0.0,0.0,0.0,0.0,0.0,0.0,0.0,0.0,0.0,0.0,0.0
Chad,0.0,0.0,0.0,0.0,0.0,0.0,0.0,0.0,0.0,0.0,0.0,0.0,0.0,0.0,0.0,0.0,0.0,0.0,0.0,0.0,0.0,0.0,0.0,0.0,0.0,0.0
Taiwan,0.0,0.0,0.0,0.0,0.0,0.0,0.0,0.0,0.0,0.0,0.0,0.0,0.0,0.0,0.0,0.0,0.0,0.0,0.0,0.0,0.0,0.0,0.0,0.0,0.0,0.0
Togo,0.0,0.0,0.0,0.0,0.0,0.0,0.0,0.0,0.0,0.0,0.0,0.0,0.0,0.0,0.0,0.0,0.0,0.0,0.0,0.0,0.0,0.0,0.0,0.0,0.0,0.0
Thailand,0.0,1427295.1558421254,9636056.877735026,18233393.052723557,22744048.78224411,27810648.10738969,33042487.38189268,38420177.47093265,44285795.612094045,50506846.49213658,57246359.6572729,64269464.31483379,71446164.22211106,79183212.70359771,84741699.76828319,90469853.63982241,96212041.03370261,101731639.95401856,107433331.33990785,113184274.96703486,118795584.76125546,124525571.74511874,130108993.68163332,135900492.30269372,141522809.1141628,147380439.53005052
Tajikistan,0.0,0.0,0.0,0.0,0.0,0.0,0.0,0.0,0.0,0.0,0.0,0.0,0.0,0.0,0.0,0.0,0.0,0.0,0.0,0.0,0.0,0.0,0.0,0.0,0.0,0.0
Turkmenistan,0.0,0.0,0.0,0.0,0.0,0.0,0.0,0.0,0.0,0.0,0.0,0.0,0.0,0.0,0.0,0.0,0.0,0.0,0.0,0.0,0.0,0.0,0.0,0.0,0.0,0.0
Timor-Leste,0.0,0.0,0.0,0.0,0.0,0.0,0.0,0.0,0.0,0.0,0.0,0.0,0.0,0.0,0.0,0.0,0.0,0.0,0.0,0.0,0.0,0.0,0.0,0.0,0.0,0.0
Tonga,0.0,0.0,0.0,0.0,0.0,0.0,0.0,0.0,0.0,0.0,0.0,0.0,0.0,0.0,0.0,0.0,0.0,0.0,0.0,0.0,0.0,0.0,0.0,0.0,0.0,0.0
Trinidad and Tobago,0.0,0.0,0.0,0.0,0.0,0.0,0.0,0.0,0.0,0.0,0.0,0.0,0.0,0.0,0.0,0.0,0.0,0.0,0.0,0.0,0.0,0.0,0.0,0.0,0.0,0.0
Tunisia,0.0,0.0,0.0,0.0,0.0,0.0,0.0,0.0,0.0,0.0,0.0,0.0,0.0,0.0,0.0,0.0,0.0,0.0,0.0,0.0,0.0,0.0,0.0,0.0,0.0,0.0
Türkiye,0.0,2690829.82217748,18771708.945964716,35558723.824378684,44765855.02800471,54867568.53285748,65143453.84364191,76040320.10198021,87823748.69637051,100195868.74794449,113088851.31304452,126897843.83770144,141504232.04574603,156114875.73003057,167147622.15462226,177940254.26499474,187943865.97430003,198518417.63984317,209432660.90269428,219908382.66982883,230638118.55118352,241089816.35821345,251670772.40821588,261819239.49011952,272565428.39726925,283062678.39631975
Tuvalu,0.0,0.0,0.0,0.0,0.0,0.0,0.0,0.0,0.0,0.0,0.0,0.0,0.0,0.0,0.0,0.0,0.0,0.0,0.0,0.0,0.0,0.0,0.0,0.0,0.0,0.0
Tanzania,0.0,0.0,0.0,0.0,0.0,0.0,0.0,0.0,0.0,0.0,0.0,0.0,0.0,0.0,0.0,0.0,0.0,0.0,0.0,0.0,0.0,0.0,0.0,0.0,0.0,0.0
Uganda,0.0,0.0,0.0,0.0,0.0,0.0,0.0,0.0,0.0,0.0,0.0,0.0,0.0,0.0,0.0,0.0,0.0,0.0,0.0,0.0,0.0,0.0,0.0,0.0,0.0,0.0
Ukraine,0.0,146746.15675084782,1064906.2131542074,2018614.6130731127,2570103.917869824,3151588.4414349105,3746213.592289835,4410000.530127636,5090823.878517846,5803362.287305836,6540763.371418653,7329609.129525444,8138720.016440692,8974278.836020114,9537667.807436785,10091032.527666952,10681061.504065981,11211069.585072663,11760127.42335767,12337551.793068524,12898911.922103051,13458504.150156584,14057889.83089235,14613118.265706658,15187283.357743546,15797997.893856548
Uruguay,0.0,0.0,0.0,0.0,0.0,0.0,0.0,0.0,0.0,0.0,0.0,0.0,0.0,0.0,0.0,0.0,0.0,0.0,0.0,0.0,0.0,0.0,0.0,0.0,0.0,0.0
United States,0.0,36293725.131506175,270140675.3556076,511126817.7302863,654601917.2760273,804628487.8431416,962444263.5591702,1128158744.599165,1308687654.2718406,1494192537.7195966,1691681994.10246,1894761105.1948524,2101709206.126998,2324891301.845374,2480840891.9998374,2626962963.128069,2774081641.7927313,2921215272.3989525,3077323737.6054363,3216352274.813762,3351463787.6338882,3483250361.9252687,3638558702.1804266,3795988736.437708,3947613088.1220093,4090389052.273126
Uzbekistan,0.0,230205.7772369465,1555085.0747630121,2932675.899091542,3665539.4049706347,4465926.241561742,5285888.0742518855,6206806.082907804,7136578.885723632,8139220.622923546,9187657.92571273,10305891.36204288,11415260.194624785,12597876.455402479,13516255.078982461,14336431.82149673,15230311.481525108,16187216.972150479,17098655.283443242,18003577.826673035,18957995.26102838,19836999.56802062,20753868.016880605,21630496.002842307,22482414.782134444,23378328.280599892
St. Vincent and the Grenadines,0.0,0.0,0.0,0.0,0.0,0.0,0.0,0.0,0.0,0.0,0.0,0.0,0.0,0.0,0.0,0.0,0.0,0.0,0.0,0.0,0.0,0.0,0.0,0.0,0.0,0.0
Venezuela,0.0,0.0,0.0,0.0,0.0,0.0,0.0,0.0,0.0,0.0,0.0,0.0,0.0,0.0,0.0,0.0,0.0,0.0,0.0,0.0,0.0,0.0,0.0,0.0,0.0,0.0
British Virgin Islands,0.0,0.0,0.0,0.0,0.0,0.0,0.0,0.0,0.0,0.0,0.0,0.0,0.0,0.0,0.0,0.0,0.0,0.0,0.0,0.0,0.0,0.0,0.0,0.0,0.0,0.0
United States Virgin Islands,0.0,0.0,0.0,0.0,0.0,0.0,0.0,0.0,0.0,0.0,0.0,0.0,0.0,0.0,0.0,0.0,0.0,0.0,0.0,0.0,0.0,0.0,0.0,0.0,0.0,0.0
Vietnam,0.0,1276040.8128055485,8583569.286606058,16172765.311758026,20263433.355620548,24708510.610603847,29220266.644213576,34245064.606381774,39568375.6024337,45142161.453014284,50982114.975871935,57011488.14939213,63493833.26177888,70536463.834302,75427171.94318163,80490604.49668138,85482931.94172473,90738037.4534537,95771506.67045398,100283662.44698185,105650913.43188962,110620459.3060757,115727981.46077697,120941487.66630626,125844737.15965387,131095836.12417763
Vanuatu,0.0,0.0,0.0,0.0,0.0,0.0,0.0,0.0,0.0,0.0,0.0,0.0,0.0,0.0,0.0,0.0,0.0,0.0,0.0,0.0,0.0,0.0,0.0,0.0,0.0,0.0
Samoa,0.0,0.0,0.0,0.0,0.0,0.0,0.0,0.0,0.0,0.0,0.0,0.0,0.0,0.0,0.0,0.0,0.0,0.0,0.0,0.0,0.0,0.0,0.0,0.0,0.0,0.0
Kosovo,0.0,0.0,0.0,0.0,0.0,0.0,0.0,0.0,0.0,0.0,0.0,0.0,0.0,0.0,0.0,0.0,0.0,0.0,0.0,0.0,0.0,0.0,0.0,0.0,0.0,0.0
Yemen,0.0,0.0,0.0,0.0,0.0,0.0,0.0,0.0,0.0,0.0,0.0,0.0,0.0,0.0,0.0,0.0,0.0,0.0,0.0,0.0,0.0,0.0,0.0,0.0,0.0,0.0
South Africa,0.0,525084.743983814,3804967.3883992564,7184584.931993384,9126782.314740902,11222498.834778637,13329591.493229078,15625595.989880353,18066087.172305264,20597956.813946687,23279724.27790081,26083365.20735987,28955329.0589177,31965774.006165884,34065342.62052583,36118750.87189389,38101402.04311609,40153469.524530046,42287140.60089671,44413022.793261886,46522857.08662352,48630881.90922569,50683847.137388125,52824181.55609,54886948.24516034,56859900.394353725
Zambia,0.0,0.0,0.0,0.0,0.0,0.0,0.0,0.0,0.0,0.0,0.0,0.0,0.0,0.0,0.0,0.0,0.0,0.0,0.0,0.0,0.0,0.0,0.0,0.0,0.0,0.0
Zimbabwe,0.0,0.0,0.0,0.0,0.0,0.0,0.0,0.0,0.0,0.0,0.0,0.0,0.0,0.0,0.0,0.0,0.0,0.0,0.0,0.0,0.0,0.0,0.0,0.0,0.0,0.0
