Occupational group,ASHRAE-241 room type,eCADR (L/s/p),eACH (/h),Volume per occupant (m3),k,Scaled eCADR (L/s/p),Scaled eACH (/h)
Food,Manufacturing,25.0,0.5,171,16.8,421,8.8
Health,Group treatment area,35.0,9.3,14,14.2,498,132.9
Retail,Retail,20.0,1.8,40,9.4,188,16.9
Security,Office,15.0,1.0,54,11.8,178,11.8
Transport,Transportation waiting,30.0,1.1,100,11.4,343,12.4
Manual,Manufacturing,25.0,0.5,171,16.8,421,8.8
Cleaning,Office,15.0,1.0,54,11.8,178,11.8
Tech,Office,15.0,1.0,54,11.8,178,11.8
ArmedForces,Dayroom,20.0,3.6,20,7.9,157,28.3
