Region,Labour Force (2024),Indoor Essential Workers,Indoor Vital Workers,Essential Workers,Vital Workers,Indoor Essential CADR Requirement (L/s),Indoor Vital CADR Requirement (L/s),Indoor Essential CADR Requirement COVID (L/s),Indoor Vital CADR Requirement COVID (L/s),%Indoor Essential Workers,%Indoor Vital Workers,%Essential Workers,%Vital Workers,Scaled ECA Essential (L/s/person),Scaled ECA Vital (L/s/person)
Australia and New Zealand,18020000.0,3736203.2828351753,1629828.4345893709,4498737.480087853,2099330.446550779,2267670950.601313,1073768263.7088587,143386514.82436356,67771619.86776154,0.20733647518508186,0.09044552911150781,0.24965246837335478,0.11650002478084234,606.9452807933183,658.8228803232229
Caribbean,19898576.654583998,6086799.466806849,2280809.6982685328,8964480.114586549,4322808.165354864,7901357436.295692,4448014676.291112,465333855.9507034,241285996.49600554,0.3058911987760011,0.11462175098554633,0.450508610248835,0.2172420791895699,1298.1136440232956,1950.1910570039245
Central America,83750000.0,33224727.769291155,11692853.83211555,49714209.12919672,22681885.01284219,10223746565.119717,4201006382.947743,631921899.9889522,252993430.34593582,0.3967131673945212,0.13961616515958866,0.5936024970650354,0.27082847776527985,307.71498373477385,359.2798168236119
Central Asia,32720000.0,8123563.952864433,3579782.25761752,17998310.602006547,12424346.177453557,993287819.2798008,483267587.718129,64155322.53508322,31271070.403082643,0.24827518193350956,0.10940654821569439,0.550070617420738,0.37971718146251704,122.27241947539044,134.99915719448305
Eastern Africa,211669000.0,39120707.87505612,14616856.615178984,158166630.24436888,125921350.068171,12077810568.007051,5583850331.672415,758919817.9583747,327318981.2257156,0.18482020454131742,0.0690552542657592,0.7472356851705676,0.5948974581453638,308.7319024640662,382.0144425494209
Eastern Asia,908400000.0,231909857.39366105,90031331.92433211,452734839.5514306,278086620.2873619,62087036674.50482,29208682739.975662,3923387637.8682423,1781010158.451167,0.2552948672321236,0.09910978855606793,0.4983870977008263,0.3061279395501562,267.72055906667936,324.4279754133199
Eastern Europe,146570604.0,43450411.31557872,22611629.02942562,55579705.46467076,30846799.812711876,14604514882.852139,8324279755.390066,938607912.7894424,529000252.015993,0.29644696910424634,0.15427124138361073,0.3792009035090745,0.21045693318362715,336.11913997269414,368.14153215397585
Melanesia,4733000.0,1060965.0446622893,338261.97199636814,3158890.3180451123,2058628.3419508785,319129159.698289,126977550.17757833,22549891.378272492,7964105.832242287,0.22416333079701867,0.07146882991683248,0.6674181952345473,0.43495211112420845,300.7913986458144,375.38227968156485
Micronesia,177856.0,46466.63914347597,18983.562815689238,79518.55051534473,47121.372217723576,12091925.459894616,5184378.966906272,742196.3067332576,316412.7718993883,0.2612598908300871,0.10673557718429087,0.4470951247939048,0.26494114462106183,260.22810521238983,273.0983123263652
Middle Africa,78333500.0,15873726.936206244,4793736.177664278,57229442.685021095,43080112.97204734,11777449506.937737,4252480068.4379025,750031909.8694335,264267102.28118798,0.2026428914347788,0.06119650184996557,0.7305870755809596,0.5499577188820535,741.9460819925442,887.090968470839
Northern Africa,79390000.0,22602064.71249357,9454850.885463828,41110196.74053514,24027911.64759919,6816940503.0570135,3173545056.8356705,445689213.5055977,205452952.03519338,0.28469662063853846,0.11909372572696597,0.5178258816039192,0.30265665257084257,301.6069810334127,335.6525761516529
Northern America,196981870.0,49287732.81025256,22794640.879743177,58272603.72193516,27194717.58743656,30803233387.909996,15815086421.50487,1953022511.7274282,1002161575.2271457,0.2502145644685603,0.11571948667023609,0.29582724400948757,0.13805695715771488,624.967545301708,693.8072200803655
Northern Europe,56687755.0,14623229.378972579,6293100.740823672,17411981.142391123,7889239.003034568,8702440688.25931,3924637678.292631,546503800.8756304,248956202.46609026,0.25796098961711533,0.11101340564331172,0.30715594827121173,0.13917007302608064,595.1107284669249,623.641324034955
Polynesia,284604.0,61554.590287078805,25413.72261254419,136172.80299226436,93340.90935425679,14483382.750501603,6324152.3139961865,920137.8289348262,404085.5687523959,0.2162815360538812,0.08929502962904312,0.4784641220512163,0.3279676650864246,235.29330116493153,248.84793189938222
South America,217697000.0,65058982.56270718,24706016.378326785,96731251.25273177,46841916.21719314,20677007121.87207,9260135520.369608,1348685399.2085888,595132744.0090694,0.2988510754062168,0.11348808839040862,0.44433892636431266,0.21517024220450048,317.81940490604063,374.8129758585043
South-eastern Asia,350750000.0,96846322.96949507,33586466.094379306,204780119.38666728,123671543.00640652,31816394730.04741,13606660935.620216,2101662258.1084795,835542526.5876123,0.27611211110333594,0.09575613996972004,0.5838349804324084,0.35259171206388173,328.5245505920656,405.1233284676321
Southern Africa,31375000.0,8619467.0324106,3479336.8127333135,12315228.995090732,6251766.848542519,2391332008.3947425,1205225504.0632553,148883374.1437676,74024036.74696606,0.2747240488417721,0.11089519721859166,0.39251725880767274,0.19925950114876553,277.4338598202122,346.395180728838
Southern Asia,824346000.0,181996918.1641519,75599379.59633386,509650924.7405743,373401600.0340986,54926989231.162186,26764564271.65802,3522661922.6307673,1650683363.7815444,0.22077734126707949,0.09170831131143217,0.6182487993398091,0.45296707939881875,301.8017545858708,354.03153325554473
Southern Europe,70959625.0,19992294.34035048,8342488.310511933,26256678.583957337,12463822.539894685,6555520959.954249,3100307720.268626,418678785.5448478,193946838.59452823,0.28174182628995686,0.11756669106568605,0.37002279231263324,0.17564667992389596,327.902383205875,371.6286562082551
Western Africa,194152000.0,51130588.228944734,15149393.34256517,129041426.4446584,85154821.51331423,15574750205.561293,5500545960.140853,993302949.4921882,339387949.1077486,0.2633533943968887,0.07802852065683161,0.66464124214357,0.43859873456525933,304.60729565290853,363.08687983471907
Western Asia,115181700.0,33706498.87786804,14415435.893073402,50165912.06623682,26923588.474566724,10416413024.80803,4886708605.607334,669850987.6852591,315186259.94066197,0.29263762279830946,0.12515387334162809,0.43553717358084504,0.23374883748517972,309.0327791845367,338.9913868615927
Western Europe,101589150.0,27647779.471365795,12825937.039092327,32969738.664083317,15873388.364961412,9744776806.134945,4963886494.957212,609247378.073587,307685565.1106219,0.27215287726460746,0.12625302051540274,0.3245399598685816,0.15625082368502358,352.46146317925457,387.0194029354521
