Region,Labour Force (2024),Indoor Essential Workers,Indoor Vital Workers,Essential Workers,Vital Workers,Armed Forces (Indoor Essential),Armed Forces (Essential),Indoor Essential CADR Requirement (L/s),Indoor Vital CADR Requirement (L/s),Indoor Essential CADR Requirement COVID (L/s),Indoor Vital CADR Requirement COVID (L/s),%Indoor Essential Workers,%Indoor Vital Workers,%Essential Workers,%Vital Workers,%Armed Forces (Indoor Essential),%Armed Forces (Essential),Scaled ECA Essential (L/s/person),Scaled ECA Vital (L/s/person)
Australia and New Zealand,18020000.0,3736203.2828351757,1629828.434589371,4498737.480087853,2099330.446550779,2345.649213912936,2345.649213912936,2267670950.601313,1073768263.7088585,143386514.82436353,67771619.86776152,0.2073364751850819,0.09044552911150783,0.24965246837335478,0.11650002478084234,0.00013016921275876448,0.00013016921275876448,606.9452807933183,658.8228803232226
Caribbean,19898576.654583998,6086799.466806848,2280809.698268533,8964480.114586547,4322808.165354864,20719.91990456531,20719.91990456531,7901357436.2956915,4448014676.291112,465333855.9507034,241285996.49600554,0.305891198776001,0.11462175098554636,0.4505086102488349,0.2172420791895699,0.001041276482445899,0.001041276482445899,1298.1136440232958,1950.191057003924
Central America,83750000.0,33224727.769291162,11692853.832115548,49714209.12919672,22681885.01284219,66982.47786445181,66982.47786445181,10223746565.119715,4201006382.9477425,631921899.9889522,252993430.34593582,0.39671316739452134,0.13961616515958863,0.5936024970650354,0.27082847776527985,0.0007997907804710663,0.0007997907804710663,307.71498373477374,359.2798168236119
Central Asia,32720000.0,8123563.952864433,3579782.2576175197,17998310.602006543,12424346.177453557,9256.94215328939,9256.94215328939,993287819.2798009,483267587.71812904,64155322.53508322,31271070.403082646,0.24827518193350956,0.10940654821569437,0.5500706174207379,0.37971718146251704,0.00028291387999050704,0.00028291387999050704,122.27241947539045,134.99915719448308
Eastern Africa,211669000.0,39120707.87505612,14616856.61517898,158166630.24436888,125921350.06817101,242332.58924919894,242332.58924919894,12077810568.007051,5583850331.672415,758919817.9583747,327318981.2257156,0.18482020454131742,0.06905525426575918,0.7472356851705676,0.5948974581453638,0.0011448657538382992,0.0011448657538382992,308.7319024640662,382.014442549421
Eastern Asia,908400000.0,231909857.39366102,90031331.92433211,452734839.5514306,278086620.287362,123609.18950016983,123609.18950016983,62087036674.50482,29208682739.975662,3923387637.8682423,1781010158.451167,0.2552948672321235,0.09910978855606793,0.4983870977008263,0.30612793955015627,0.0001360735243286766,0.0001360735243286766,267.7205590666794,324.4279754133199
Eastern Europe,146570604.0,43450411.315578714,22611629.029425625,55579705.46467076,30846799.812711872,297683.9639481081,297683.9639481081,14604514882.852137,8324279755.390066,938607912.7894423,529000252.01599306,0.2964469691042463,0.15427124138361076,0.3792009035090745,0.21045693318362713,0.0020309936359961243,0.0020309936359961243,336.1191399726942,368.1415321539758
Melanesia,4733000.0,1060965.044662289,338261.9719963682,3158890.318045113,2058628.3419508783,4855.823373652023,4855.823373652023,319129159.698289,126977550.17757836,22549891.378272492,7964105.832242288,0.2241633307970186,0.0714688299168325,0.6674181952345474,0.4349521111242084,0.0010259504275622277,0.0010259504275622277,300.79139864581447,375.3822796815649
Micronesia,177856.0,46466.63914347597,18983.562815689234,79518.55051534473,47121.372217723576,110.13478535855903,110.13478535855903,12091925.459894616,5184378.966906272,742196.3067332575,316412.7718993883,0.2612598908300871,0.10673557718429086,0.4470951247939048,0.26494114462106183,0.0006192357039321644,0.0006192357039321644,260.22810521238983,273.0983123263652
Middle Africa,78333500.0,15873726.93620625,4793736.177664278,57229442.685021095,43080112.97204734,125100.68317805619,125100.68317805619,11777449506.937737,4252480068.437902,750031909.8694336,264267102.28118798,0.20264289143477884,0.06119650184996557,0.7305870755809596,0.5499577188820535,0.0015970266000888023,0.0015970266000888023,741.946081992544,887.0909684708389
Northern Africa,79390000.0,22602064.71249356,9454850.88546383,41110196.74053515,24027911.64759919,216371.84306943676,216371.84306943676,6816940503.057013,3173545056.835671,445689213.50559765,205452952.0351934,0.28469662063853834,0.11909372572696598,0.5178258816039192,0.30265665257084257,0.002725429437831424,0.002725429437831424,301.60698103341275,335.6525761516529
Northern America,196981870.0,49287732.81025255,22794640.879743166,58272603.72193516,27194717.587436557,542087.1997585265,542087.1997585265,30803233387.909996,15815086421.504868,1953022511.727428,1002161575.2271456,0.2502145644685602,0.11571948667023603,0.29582724400948757,0.13805695715771485,0.002751964938491682,0.002751964938491682,624.9675453017081,693.8072200803657
Northern Europe,56687755.0,14623229.378972579,6293100.740823672,17411981.14239112,7889239.003034567,97265.85890383247,97265.85890383247,8702440688.25931,3924637678.29263,546503800.8756304,248956202.46609023,0.25796098961711533,0.11101340564331172,0.3071559482712116,0.13917007302608064,0.0017158177970503943,0.0017158177970503943,595.1107284669249,623.6413240349549
Polynesia,284604.0,61554.5902870788,25413.722612544185,136172.80299226433,93340.90935425679,252.23656847246508,252.23656847246508,14483382.7505016,6324152.313996186,920137.828934826,404085.5687523959,0.21628153605388117,0.08929502962904311,0.4784641220512162,0.3279676650864246,0.0008862720428119952,0.0008862720428119952,235.2933011649315,248.84793189938222
South America,217697000.0,65058982.56270718,24706016.378326785,96731251.25273177,46841916.217193134,465108.9398886943,465108.9398886943,20677007121.87207,9260135520.369608,1348685399.2085888,595132744.0090694,0.2988510754062168,0.11348808839040862,0.44433892636431266,0.21517024220450046,0.0021364967817135484,0.0021364967817135484,317.81940490604063,374.8129758585043
South-eastern Asia,350750000.0,96846322.96949506,33586466.0943793,204780119.38666725,123671543.00640652,504961.3717059769,504961.3717059769,31816394730.047405,13606660935.620216,2101662258.1084795,835542526.5876123,0.2761121111033359,0.09575613996972003,0.5838349804324084,0.35259171206388173,0.0014396617867597345,0.0014396617867597345,328.5245505920656,405.1233284676322
Southern Africa,31375000.0,8619467.0324106,3479336.812733314,12315228.99509073,6251766.848542519,67343.42324695691,67343.42324695691,2391332008.3947425,1205225504.0632553,148883374.1437676,74024036.74696606,0.2747240488417721,0.11089519721859169,0.3925172588076727,0.19925950114876553,0.0021464039281898616,0.0021464039281898616,277.4338598202122,346.39518072883794
Southern Asia,824346000.0,181996918.1641519,75599379.59633385,509650924.74057436,373401600.0340987,1537784.4391552077,1537784.4391552077,54926989231.16218,26764564271.65802,3522661922.630768,1650683363.7815444,0.22077734126707949,0.09170831131143214,0.6182487993398093,0.4529670793988188,0.0018654599393400438,0.0018654599393400438,301.80175458587075,354.0315332555448
Southern Europe,70959625.0,19992294.340350483,8342488.310511932,26256678.583957333,12463822.539894685,191243.42770129844,191243.42770129844,6555520959.95425,3100307720.268626,418678785.54484785,193946838.59452823,0.2817418262899569,0.11756669106568604,0.3700227923126332,0.17564667992389596,0.002695102006264808,0.002695102006264808,327.902383205875,371.62865620825517
Western Africa,194152000.0,51130588.22894474,15149393.34256517,129041426.4446584,85154821.51331425,333706.1929701584,333706.1929701584,15574750205.561293,5500545960.140852,993302949.4921882,339387949.1077486,0.2633533943968887,0.07802852065683161,0.66464124214357,0.43859873456525944,0.0017187883357892703,0.0017187883357892703,304.6072956529085,363.086879834719
Western Asia,115181700.0,33706498.87786804,14415435.893073402,50165912.06623682,26923588.474566724,393418.2177334683,393418.2177334683,10416413024.808027,4886708605.607333,669850987.6852591,315186259.94066197,0.29263762279830946,0.12515387334162809,0.43553717358084504,0.23374883748517972,0.0034156312828641034,0.0034156312828641034,309.03277918453665,338.9913868615926
Western Europe,101589150.0,27647779.471365795,12825937.039092325,32969738.664083324,15873388.364961414,179010.4500123477,179010.4500123477,9744776806.134945,4963886494.957212,609247378.073587,307685565.1106219,0.27215287726460746,0.12625302051540271,0.3245399598685817,0.15625082368502358,0.0017621020553114943,0.0017621020553114943,352.46146317925457,387.01940293545215
