Country Name,Country Code,Labour Force (2024),Region,%Indoor Essential Workers,%Indoor Vital Workers,%Essential Workers,%Vital Workers,Indoor Essential Workers,Indoor Vital Workers,Essential Workers,Vital Workers,Indoor Essential CADR Requirement (L/s),Indoor Vital CADR Requirement (L/s),Indoor Essential CADR Requirement COVID (L/s),Indoor Vital CADR Requirement COVID (L/s),Scaled ECA Essential (L/s/person),Scaled ECA Vital (L/s/person)
Aruba,ABW,55826.0,Caribbean,0.249056154765952,0.10958732402688108,0.3827685485198031,0.21848857651498796,13903.808895964035,6117.821951124663,21368.436989666527,12197.343272525717,1014904.818408271,459525.91295945976,64015.373937362245,29403.975982400796,294.01183015302513,302.54254375916804
Afghanistan,AFG,9130000.0,Southern Asia,0.1896254061664483,0.07685339847727808,0.6614024942069496,0.5205199963591263,1731279.958299673,701671.5280975489,6038604.77210945,4752347.566758823,490162244.2181548,224516687.0667344,33138088.076587994,14754289.112186344,283.1213067928965,319.97405919471953
Angola,AGO,16000000.0,Middle Africa,0.2829571070217392,0.08616331700395236,0.7791362939280077,0.5278588097652493,4527313.712347827,1378613.0720632377,12466180.702848122,8445740.95624399,1124575791.611779,417487156.1858732,79472209.8739547,27590779.150639307,248.398026526106,302.83127633561486
Albania,ALB,1370000.0,Southern Europe,0.20995912953555693,0.08063738901290311,0.5684044860355705,0.4124092799712405,287644.007463713,110473.22294767726,778714.1458687315,565000.7135605995,85477990.50642721,37613569.5679875,5495114.421306239,2364693.6842230516,297.16590051753633,340.4768012045976
Andorra,AND,50504.0,Southern Europe,0.234931807664474,0.08507259655923881,0.28719999999999996,0.11261298200911857,11864.996014286595,4296.506416627797,14504.748799999998,5687.406043388524,53688248.01218238,22406212.77471556,3463510.6600679164,1448627.9605598426,296.0193572826162,341.16264050883444
United Arab Emirates,ARE,7090000.0,Western Asia,0.27628143772958125,0.11590249371245086,0.3394119253646365,0.1476512192107522,1958835.393502731,821748.6804212766,2406430.5508352728,1046847.1442042331,573069702.743492,268335607.51336765,36238544.82538586,17371224.18766905,292.5563345671153,326.5421824295514
Argentina,ARG,22300000.0,South America,0.3267777720748562,0.11326341827515374,0.3944895479278034,0.13111571928077134,7287144.317269294,2525774.227535928,8797116.918790016,2923880.539961201,2026558314.3446205,865852810.6923939,136258792.5496449,56980084.004175626,278.1004775138077,342.8068911515875
Armenia,ARM,1510000.0,Western Asia,0.2113639794183147,0.0879160340593982,0.5641022430177852,0.4143292088968682,319159.60892165516,132753.2114296913,851794.3869568557,625637.1054342709,101757692.98442599,48285269.82627107,6620744.569799235,3095411.4194291495,300.15898046897763,339.4543895948916
American Samoa,ASM,55958.0,Polynesia,0.2106926753572066,0.0851469895976219,0.4946875152763841,0.34570006442025614,11789.940727638566,4764.655243903727,27681.7239798359,19344.684204828693,3556491.0231430707,1546053.8629080611,230061.54098898062,100192.14265176962,295.1047841748739,317.4382772066761
Antigua and Barbuda,ATG,46540.0,Caribbean,0.20333117807563958,0.09814828736738875,0.8699712549514417,0.7402612516759506,9463.033027640266,4567.821294078272,40488.4622054401,34451.75865299874,1000396306.1631826,594253341.756491,57554829.6261837,31293666.57728137,298.1838778254189,366.9483697767974
Australia,AUS,14900000.0,Australia and New Zealand,0.20733647518508186,0.09044552911150781,0.2496524683733548,0.11650002478084234,3089313.4802577198,1347638.3837614665,3719821.7787629864,1735850.369234551,1133835475.3006566,536884131.8544294,71693257.41218178,33885809.93388077,367.0185892582415,398.38886924243207
Austria,AUT,4770000.0,Western Europe,0.2829930138841859,0.12222374783976532,0.3454999999999999,0.16007165222303843,1349876.6762275668,583007.2771956805,1648034.9999999995,763541.7811038933,451617226.3182375,215781951.20369056,28307744.351057652,13341626.176171964,334.56184129379113,370.11879550049855
Azerbaijan,AZE,5020000.0,Western Asia,0.21276882930107244,0.09519467910589328,0.5598,0.41624913782249595,1068099.5230913837,477877.2891115843,2810196.0,2089570.6718689296,118037395.46242476,58956970.084554635,7746374.718292231,3826129.1546352473,303.15206042041893,338.43197798518554
Burundi,BDI,6110000.0,Eastern Africa,0.06185497671888378,0.019743421039884468,0.8346695890004028,0.7810012166596135,377933.9077523799,120632.3025536941,5099831.188792461,4771917.433790239,101979283.32687585,42290996.59204597,6765127.081371171,2623835.656533661,269.83364348904115,350.5777117470009
Belgium,BEL,5420000.0,Western Europe,0.2550644849729082,0.10923147148053354,0.3011773125950597,0.1319079019580343,1382449.5085531622,592034.5754244918,1632381.0342652237,714940.828612546,476354202.30830437,229171042.98541364,30210266.49636918,14470016.0736231,344.57258609527446,387.0906404766932
Benin,BEN,6400000.0,Western Africa,0.2666377223124489,0.05581308202429303,0.7157393423911018,0.4512563102111937,1706481.4227996732,357203.7249554754,4580731.791303052,2888040.3853516397,437708130.09734726,116277517.40824983,30455524.264789682,7814899.604845453,256.49744805263583,325.5215701424825
Burkina Faso,BFA,6460000.0,Western Africa,0.1753690537838621,0.045457021234578524,0.6907999999999999,0.5295358331283615,1132884.0874437492,293652.35717537726,4462567.999999999,3420801.4820092153,298748600.86616796,94553234.86897053,20075141.47339119,5730406.9390164865,263.70623806736245,321.9903827044737
Bangladesh,BGD,77400000.0,Southern Asia,0.226785499169098,0.08996295875339698,0.6733659116227687,0.5008539745575769,17553197.635688186,6963133.007512926,52118521.5596023,38766097.630756445,5126724005.444221,2386434130.2534723,347511716.3504435,159081491.90747395,292.06781076861176,342.72419149233696
Bulgaria,BGR,3120000.0,Eastern Europe,0.31091692380084396,0.14374274468466655,0.39413738827127553,0.19243222242005772,970060.8022586332,448477.36341615964,1229708.6514063796,600388.53395058,301401155.68708163,152738843.89153215,19563843.607244723,9783417.99260684,310.70336517599384,340.5720251476769
Bahrain,BHR,913000.0,Western Asia,0.27628143772958125,0.11590249371245086,0.3394119253646365,0.1476512192107522,252244.95264710768,105818.97675946764,309883.0878579131,134805.56313941674,573069702.743492,268335607.51336765,36238544.82538586,17371224.18766905,292.5563345671153,326.5421824295514
Bahamas,BHS,237000.0,Caribbean,0.32839530508707354,0.13449682772303642,0.3985635076352966,0.17025309066458597,77829.68730563643,31875.74817035963,94459.55130956529,40349.98248750687,20836687.70207376,9212159.842711218,1331773.8135139423,583530.3650696529,267.72159086607,289.0021527801298
Bosnia and Herzegovina,BIH,1360000.0,Southern Europe,0.2962968931881003,0.13828692340847357,0.47700000000000015,0.2865508805835308,402963.7747358164,188070.21583552405,648720.0000000002,389709.1975936019,123186568.04970017,64855475.48006936,7919872.312631534,4073837.7888607266,305.70134531438083,344.84713696924996
Belarus,BLR,4820000.0,Eastern Europe,0.3412998534749304,0.18172076470983425,0.41867194070551395,0.23113635707055183,1645065.2937491646,875894.0859014011,2017998.7542005773,1114077.24108006,550586173.8222824,313420331.9865451,34980483.94945317,19981272.305483826,334.68955664822045,357.8290309655392
Belize,BLZ,190000.0,Central America,0.34477186662932724,0.13252280354702342,0.535949671108297,0.28206021800917275,65506.654659572174,25179.33267393445,101830.43751057643,53591.44142174282,19085439.966397263,8156841.4175461335,1222313.4482612177,509002.80380966846,291.35116219231935,323.9498648822439
Bermuda,BMU,52878.0,Northern America,0.249056154765952,0.10958732402688108,0.3827685485198031,0.21848857651498796,13169.591351714009,5794.7585198934175,20240.035308630147,11553.238948959533,1014904.818408271,459525.91295945976,64015.373937362245,29403.975982400796,294.01183015302513,302.54254375916804
Bolivia,BOL,6860000.0,South America,0.30412916460139644,0.10029560568789804,0.5624,0.31744136976243226,2086326.0691655795,688027.8550189806,3858064.0,2177647.796570285,616536979.0672945,242467762.78526372,40599263.32793694,16004484.54687451,295.5132412805812,352.40980581894433
Brazil,BRA,107000000.0,South America,0.29109474477058045,0.11274463585445879,0.3921760355914149,0.17769940195897788,31147137.690452106,12063676.03642709,41962835.80828139,19013836.009610634,9548328636.910461,4379471252.55179,625006381.7491076,282211845.57423615,306.55557283639007,363.0295806458727
Barbados,BRB,147000.0,Caribbean,0.27071462038249894,0.11073868677676127,0.35387571497019094,0.14962079116125773,39795.049196227345,16278.586956183906,52019.730100618064,21994.25630070489,11416731.97844953,5157187.946236627,736878.3072250494,329385.2112751684,286.8882488913184,316.80808414869915
Brunei Darussalam,BRN,234000.0,South-eastern Asia,0.2605732292660588,0.11272683889319832,0.3142653653857183,0.13710900915547347,60974.13564825776,26378.080301008406,73538.09550025809,32083.508142380793,16416582.56652968,7643700.618893454,1066426.7939377946,486459.1089701049,269.23846303016444,289.7747118694321
Bhutan,BTN,406000.0,Southern Asia,0.1607320834859606,0.08266872155947835,0.5611219551428901,0.46947115897538144,65257.225895300006,33563.500953148214,227815.51378801337,190605.29054400488,19722846.158750497,10438057.876824653,1299163.1411932912,717146.9391610152,302.2323717896655,310.99431168981124
Botswana,BWA,1170000.0,Southern Africa,0.2680171004119759,0.11326677713576798,0.5099702477264748,0.3199443449803755,313580.0074820118,132522.12924884853,596665.1898399756,374334.8836270393,83606329.52864534,39938661.67987606,5360201.949548832,2481369.570103228,266.6188134887436,301.3735283778885
Central African Republic,CAF,2000000.0,Middle Africa,0.2958730455588336,0.08150241039717238,0.6332789863508653,0.3471997165889175,591746.0911176672,163004.82079434476,1266557.9727017307,694399.4331778351,840047321.9696083,301763280.6202262,56712703.455844514,18597504.62611392,270.40147135788925,352.6197558945599
Canada,CAN,22900000.0,Northern America,0.2502131744669097,0.11572155599011344,0.29580000000000006,0.13803329687024218,5729881.695292233,2650023.632173598,6773820.000000002,3160962.498328546,15389794878.966574,7901993141.012426,975751453.0733439,500728097.44605505,353.4869704362909,392.4398811908418
Switzerland,CHE,5150000.0,Western Europe,0.2583937872434015,0.11999904102692889,0.30774074046956557,0.15041140983193832,1330728.0043035178,617995.0612886838,1584864.8134182626,774618.7606344824,471053168.47894853,236851231.42782536,29103387.36384548,14562814.042183936,353.9815551754999,383.25748256616754
Chile,CHL,10100000.0,South America,0.31945347630368237,0.1325969538342693,0.42786504902201167,0.1990731519013141,3226480.110667192,1339229.23372612,4321436.995122318,2010638.8342032726,992059967.7662833,471890850.83713806,64469829.9985085,30274523.709514063,307.47437880878147,352.360028405445
China,CHN,774000000.0,Eastern Asia,0.2539614439931555,0.0993396144773886,0.5142687171117994,0.3228564719338242,196566157.65070236,76888861.60549878,398043987.0445328,249890909.27677995,16568523524.074266,7975474457.658471,1048803579.2941526,484149546.5660756,311.09095607388076,369.74701010066747
Côte d'Ivoire,CIV,12600000.0,Western Africa,0.2993175663202526,0.07883033384458085,0.777975193903885,0.4953610978019197,3771401.3356351824,993262.2064417187,9802487.443188952,6241549.832304189,940641330.1050615,327656554.33944273,67026930.241818964,21269780.90293501,249.4142750645863,329.8792123715708
Cameroon,CMR,11100000.0,Middle Africa,0.3261039606695254,0.09931816185057607,0.6142138684332938,0.3355504204530114,3619753.963431732,1102431.5965413945,6817773.939609562,3724609.6670284267,4745113863.615694,1691312354.330351,288679519.39758617,103232256.58357419,283.76798945628207,336.1908544507228
DR Congo,COD,38500000.0,Middle Africa,0.09756654354545788,0.02995685079341248,0.7825980512044538,0.69564389699825,3756311.926500128,1153338.7555463805,30130024.971371472,26782290.034432627,961486038.075428,369233072.8984284,69109151.4680389,24507716.01120472,255.96544080706158,320.1427777596085
Congo Republic,COG,2560000.0,Middle Africa,0.35340021629175167,0.1061140811255461,0.605339558462153,0.2960832696176346,904704.5537068843,271652.047681398,1549669.2696631118,757973.1702211446,2413475460.6332326,860836526.803843,147090187.36747456,52592821.794567764,272.3249429171558,331.25860453923156
Colombia,COL,26800000.0,South America,0.30709590879613546,0.11892921510866615,0.47434715213296014,0.24033980447754114,8230170.355736431,3187302.964912253,12712503.67716333,6441106.759998103,2424207207.389377,1086742327.2753007,156070020.98006105,68648690.02128373,294.5512793304095,340.95984575009453
Comoros,COM,276000.0,Eastern Africa,0.28188996329157207,0.12471099879879906,0.5672691218039142,0.37984403311307074,77801.62986847389,34420.23566846854,156566.27761788032,104836.95313920753,353475582.0083297,207094472.8457891,20468038.27629434,11010367.45456667,301.12292130840024,338.94451388798194
Cabo Verde,CPV,224000.0,Western Africa,0.2894189502901681,0.11529050247136273,0.5278197089539378,0.309807789374609,64829.844864997656,25825.07255358525,118231.61480568207,69396.94481991242,134976166.87378725,76602104.45159957,7925185.429846071,4156762.6775840465,286.14194007303814,316.5501712230784
Costa Rica,CRI,2360000.0,Central America,0.3132889150264837,0.1343740236301365,0.43991834501233645,0.2199813560721598,739361.8394625016,317122.69576712215,1038207.2942291141,519156.0003302971,220340748.6932219,107755175.22572897,14258296.36615166,6874494.207428484,298.0147702150876,339.79017164024924
Cuba,CUB,4860000.0,Caribbean,0.29996713645666123,0.10976445469649812,0.4006999999999999,0.1717440854523941,1457840.2831793735,533455.2498249809,1947401.9999999995,834676.2552986353,465810599.2445032,198149199.3540494,30402793.074566137,12888602.167556426,287.0373580556339,333.682424631891
Curaçao,CUW,71999.0,Caribbean,0.249056154765952,0.10958732402688108,0.3827685485198031,0.21848857651498796,17931.794086993777,7890.177742611411,27558.9527248773,15730.959020502618,1014904.818408271,459525.91295945976,64015.373937362245,29403.975982400796,294.01183015302513,302.54254375916804
Cayman Islands,CYM,60828.0,Caribbean,0.249056154765952,0.10958732402688108,0.3827685485198031,0.21848857651498796,15149.587782103328,6665.977745907122,23283.04526936258,13290.223132253688,1014904.818408271,459525.91295945976,64015.373937362245,29403.975982400796,294.01183015302513,302.54254375916804
Cyprus,CYP,772000.0,Western Asia,0.234931807664474,0.08507259655923881,0.28719999999999996,0.11261298200911857,181367.3555169739,65676.04454373237,221718.39999999997,86937.22211103953,53688248.01218238,22406212.77471556,3463510.6600679164,1448627.9605598426,296.0193572826162,341.16264050883444
Czechia,CZE,5540000.0,Eastern Europe,0.27679100798728756,0.14778902698212465,0.32532601957086543,0.17598514697403064,1533422.1842495732,818751.2094809705,1802306.1484225944,974957.7142361298,521793588.1134022,294770925.8860568,32844681.158741847,18439695.0776677,340.2804481850886,360.02502649482545
Germany,DEU,43800000.0,Western Europe,0.25812742234437275,0.12576839824853756,0.30420189578948653,0.15062897819409451,11305981.098683527,5508655.843285945,13324043.03557951,6597549.2449013395,3947142107.824525,2138081722.6012197,247395277.29636616,131954847.99814396,349.1198219218792,388.1312943532594
Djibouti,DJI,265000.0,Eastern Africa,0.25454902357474674,0.10215495099357508,0.42987111817238316,0.21819750539143778,67455.49124730789,27071.062013297396,113915.84631568154,57822.33892873101,255564402.9942643,119832022.99765158,16379081.508929277,7707415.404858362,291.8572484439185,341.0005101807055
Dominica,DMA,32630.0,Caribbean,0.20333117807563958,0.09814828736738875,0.8699712549514417,0.7402612516759506,6634.6963406081195,3202.578616797895,28387.16204906554,24154.72464218627,1000396306.1631826,594253341.756491,57554829.62618371,31293666.57728137,298.1838778254189,366.9483697767974
Denmark,DNK,3210000.0,Northern Europe,0.2816129440348116,0.1143417240168675,0.3318629338207604,0.14200155703121917,903977.5503517451,367036.9340941447,1065280.0175646408,455824.99807021354,327435379.72708654,142769912.1756927,20610198.979481976,8944741.84975706,362.21627362281146,388.97968818329423
Dominican Republic,DOM,5410000.0,Caribbean,0.29996713645666123,0.10976445469649812,0.4006999999999999,0.1717440854523941,1622822.2082305374,593825.6999080548,2167786.9999999995,929135.5022974522,465810599.2445032,198149199.3540494,30402793.074566137,12888602.167556426,287.0373580556339,333.682424631891
Algeria,DZA,13300000.0,Northern Africa,0.31488375484897696,0.1459276048077068,0.48389999999999994,0.2724293610947407,4187953.9394913935,1940837.1439425005,6435869.999999999,3623310.502560051,407063727.8539861,206591251.7548534,24632637.73121178,12266585.237134771,304.1747921148347,333.1083680795974
Ecuador,ECU,8820000.0,South America,0.26400822876072266,0.1007194039889232,0.588162900915861,0.3775979320667689,2328552.577669574,888345.1431823027,5187596.786077894,3330413.7608289015,684668535.2700548,305138838.70218813,43669234.828157686,18937886.408950552,294.0318126530234,343.4913119568536
Egypt,EGY,33700000.0,Northern Africa,0.2756252636443687,0.11437159895971898,0.4849495038886,0.2780822848001664,9288571.384815225,3854322.8849425293,16342798.281045819,9371372.997765608,2768955637.2928176,1294376916.4129982,182771149.41845572,86174366.58062805,298.10349972865066,335.8247233177244
Eritrea,ERI,1710000.0,Eastern Africa,0.2522969946873517,0.09356352981947996,0.5155870229693367,0.2919365001270362,431427.86091537145,159993.63599131073,881653.8092775657,499211.4152172319,452088051.3480751,189092245.43104395,30573333.907330256,12118407.028915823,281.62232806425567,336.8081107265363
Spain,ESP,24400000.0,Southern Europe,0.30284793469958654,0.12223269554338019,0.3763865880092133,0.16431651996360075,7389489.606669911,2982477.7712584767,9183832.747424806,4009323.087111858,2368878927.1197033,1085054014.3128333,152772431.9131343,68818453.92759897,320.5740928279407,363.8095897207601
Estonia,EST,756000.0,Northern Europe,0.24865475393209915,0.11783517266406394,0.2988989777365768,0.14595114624121644,187982.99397266697,89083.39053403234,225967.62716885208,110339.06655835963,64001070.307440765,32813306.451275207,3998508.5265759025,2057719.3011980539,340.46202241436066,368.34370868203104
Ethiopia,ETH,54500000.0,Eastern Africa,0.18783519747038577,0.057238858136398695,0.8262729841143055,0.6372802072924435,10237018.262136023,3119517.7684337287,45031877.63422965,34731771.297438174,2724951719.7579403,1040846882.9385331,169748587.13954064,59319622.640036285,266.1860758651573,333.65634056353827
Finland,FIN,2900000.0,Northern Europe,0.2894408718508745,0.13092551503010286,0.34800104067992743,0.16683788875620037,839378.5283675361,379683.99358729826,1009203.0179717896,483829.8773929811,305390354.50866115,149534073.4913914,19382047.186372653,9441681.355236676,363.8291237954336,393.8382339444341
Fiji,FJI,388000.0,Melanesia,0.27399487254437177,0.11650491154760294,0.5566999999999999,0.37239461077728553,106310.01054721625,45203.90568046994,215999.59999999995,144489.1089815868,29863544.882162683,15342692.172495209,1896745.5693285076,951018.1887495089,280.9099983006696,339.41076421464885
France,FRA,31700000.0,Western Europe,0.3064033153432201,0.14037618102972957,0.37014670741180417,0.1796143242511039,9712985.096380075,4449924.938642427,11733650.624954192,5693774.078759993,3395621420.8848424,1678754334.1003807,210011343.56954408,103830125.2812972,349.5960703317,377.2545283904342
Faroe Islands,FRO,32200.0,Northern Europe,0.26176760369501373,0.11284998516648477,0.32228499677571243,0.15204865952385516,8428.916838979441,3633.76952236081,10377.57689617794,4895.966836668136,22628725.15844124,10640613.567058073,1455590.2068031332,675976.3590531488,348.57200899525134,380.2012007699597
"Micronesia, Fed. Sts.",FSM,14500.0,Micronesia,0.2804211220242241,0.11641622146222201,0.43365618283993435,0.24102010210463698,4066.1062693512495,1688.0352112022192,6288.014651179048,3494.7914805172363,2006582.5738997848,852965.4756431356,119998.3011707379,50520.24105841561,290.8304223356162,305.26597418153546
Gabon,GAB,824000.0,Middle Africa,0.38069647191397793,0.11291000040051613,0.5964652484910123,0.25661611878225776,313693.8928571178,93037.8403300253,491487.3647565942,211451.6818765804,81837057.65077132,30360699.27733492,5500855.337362959,1953387.0055613315,260.8818963780296,326.3263546277404
United Kingdom,GBR,35400000.0,Northern Europe,0.25187604775028555,0.10696079150533237,0.2994040116934568,0.132920873103946,8916412.090360109,3786412.019288766,10598902.013948372,4705398.907879689,3303791337.4977484,1470169066.143573,206973719.96562847,93417290.46857825,370.52923350969945,388.2749839833139
Georgia,GEO,1830000.0,Western Asia,0.21276882930107244,0.09519467910589328,0.5598,0.41624913782249595,389366.9576209626,174206.2627637847,1024433.9999999999,761735.9222151675,118037395.46242476,58956970.084554635,7746374.718292231,3826129.1546352473,303.15206042041893,338.43197798518554
Ghana,GHA,13900000.0,Western Africa,0.248333126322839,0.07502917961437812,0.6838729878040671,0.4625833182280997,3451830.455887462,1042905.5966398559,9505834.530476533,6429908.123370586,953225669.5505298,353574869.1939418,63517444.39751854,22012647.35696188,276.15077905251763,339.0286429885187
Gibraltar,GIB,27000.0,Southern Europe,0.234931807664474,0.08507259655923881,0.28719999999999996,0.11261298200911857,6343.158806940798,2296.9601070994477,7754.399999999999,3040.550514246201,53688248.01218238,22406212.77471556,3463510.6600679164,1448627.9605598426,296.0193572826162,341.16264050883444
Guinea,GIN,4530000.0,Western Africa,0.2767005678424011,0.058934925419643736,0.7077707794758888,0.4227975335625138,1253453.572326077,266975.21215098613,3206201.6310257763,1915272.8270381875,299302343.8559579,86547862.74974662,21889664.199608244,5644985.686441468,238.78215393373708,324.1793949799355
Gambia,GMB,783000.0,Western Africa,0.37480706979749956,0.10551980872311881,0.7033000000000003,0.3479697750337461,293473.93565144215,82622.01023020202,550683.9000000003,272460.3338514232,76624498.20392625,26766766.39338807,5231066.965030955,1695438.9188859484,261.0947307257053,323.9665352950179
Guinea-Bissau,GNB,845000.0,Western Africa,0.19875258993416015,0.07788495941690686,0.7702773703130424,0.6111017221753925,167945.9384943653,65812.7907072863,650884.3779145209,516380.95523820666,46555811.74503848,23478336.061659485,3065383.9456121363,1353401.8408394621,277.2071308327617,356.7442712782599
Equatorial Guinea,GNQ,715000.0,Middle Africa,0.3429452501628763,0.10755190657821728,0.6096891627542552,0.30786507829901477,245205.85386645654,76899.61320342535,435927.7513692925,220123.53098379556,832709762.0331354,297424857.4119153,50925545.952395946,18205297.720768735,270.0720267522475,319.63865175956795
Greece,GRC,4650000.0,Southern Europe,0.30768596525241027,0.1155762417631492,0.43954804605934494,0.21047461116050456,1430739.7384237077,537429.5241986439,2043898.414175954,978706.9418963462,418352337.7574325,184871437.590101,27634403.7978148,11872967.375326203,292.4028224856219,343.99196409196367
Grenada,GRD,58405.654584,Caribbean,0.2912025800905167,0.119435075300219,0.45959666272726873,0.24573474932671852,17007.877306736314,6975.683753198622,26843.043931208005,14352.298888462148,4978717.131688552,2295023.823359654,319983.00385867077,142373.62509632364,292.73007100754603,329.00342167996024
Greenland,GRL,28992.0,Northern America,0.26176760369501373,0.11284998516648477,0.32228499677571243,0.15204865952385516,7589.166366325838,3271.7467699467265,9343.686626521454,4408.194736915609,22628725.15844124,10640613.567058073,1455590.2068031332,675976.3590531488,348.57200899525134,380.2012007699597
Guatemala,GTM,7580000.0,Central America,0.38878592791532623,0.12093806347055622,0.6623541729439154,0.32996538900806316,2946997.3335981728,916710.5211068161,5020644.630914879,2501137.6486811186,865266067.4654812,321053915.67341834,53812607.812067784,19102282.198681667,293.6093825402359,350.22388014679365
Guam,GUM,77700.0,Micronesia,0.22443065430762793,0.09134795802167128,0.40569375763819204,0.24713624220235414,17438.26183970269,7097.7363382838585,31522.40496848752,19202.486019122916,2032797.5821477394,886258.5321668647,131101.55102515296,57165.90383286292,281.1510460611131,303.81504693176004
Guyana,GUY,292000.0,South America,0.37599091970142134,0.16603127928989475,0.5577639780262367,0.29093813574127897,109789.34855281503,48481.13355264927,162867.08158366111,84953.93563645346,30586295.693153434,14881729.185115525,1998049.079886717,953051.5899288519,278.5907385035594,306.9591838019701
Hong Kong,HKG,3840000.0,Eastern Asia,0.22190458903238514,0.09247000337750397,0.36594359368730284,0.2097418542527571,852113.6218843589,355084.8129696152,1405223.399759243,805408.7203305872,8389191505.191821,4038216301.822425,531379791.72327596,245509197.68917242,304.12202197521486,343.39664865614793
Honduras,HND,4300000.0,Central America,0.341276696911566,0.122028224698905,0.5870499025968499,0.3125388214822974,1467489.7967197336,524721.3662052915,2524314.5811664546,1343916.9323738788,425039626.94178224,184695208.21585882,26792909.15802745,10790205.167733394,289.6371939974434,351.9872071372806
Croatia,HRV,1730000.0,Southern Europe,0.27128976109768416,0.13184223969418873,0.3377727664946621,0.17426399223844746,469331.2866989936,228087.07467094652,584346.8860357654,301476.7065725141,147460192.64620358,79923790.0629469,9522680.664049204,5041364.884683521,314.19212148278837,350.4091153707427
Haiti,HTI,5280000.0,Caribbean,0.341276696911566,0.122028224698905,0.5870499025968499,0.3125388214822974,1801940.9596930684,644309.0264102183,3099623.4857113673,1650204.9774265303,425039626.94178224,184695208.21585882,26792909.15802745,10790205.167733394,289.6371939974434,351.9872071372806
Hungary,HUN,4950000.0,Eastern Europe,0.2631392030790794,0.12974948048148613,0.33030211149064265,0.1735938436396554,1302539.055241443,642259.9283833563,1634995.451878681,859289.5260162943,427872422.76574385,230137740.9123806,26640579.25990659,14173609.015757492,328.49105064756156,358.3249253797669
Indonesia,IDN,143000000.0,South-eastern Asia,0.2891964611330596,0.09099008416434853,0.6027050774044156,0.34816369396542307,41355093.94202752,13011582.03550184,86186826.06883143,49787408.2370555,11167535206.042685,4398525700.487023,748865023.6074309,273091926.06901664,270.04013632994236,338.04695604929015
Isle of Man,IMN,36555.0,Northern Europe,0.25187604775028555,0.10696079150533237,0.2994040116934568,0.132920873103946,9207.328925511689,3909.951733477425,10944.713647454313,4858.922516314747,3303791337.4977484,1470169066.143573,206973719.96562847,93417290.46857825,370.52923350969945,388.2749839833139
India,IND,608000000.0,Southern Asia,0.20957647576057553,0.08733007452426413,0.6181,0.4609882265921404,127422497.26242992,53096685.310752586,375804800.0,280280841.76802135,38659542150.55822,18918290042.759468,2455438560.4520783,1151229422.0808487,303.39651930489083,356.29889007267906
Ireland,IRL,2860000.0,Northern Europe,0.2515707125662397,0.10212373922342873,0.3181151439585166,0.14541179698253467,719492.2379394455,292073.89417900617,909809.3117213574,415877.73937004915,261892163.76408777,117313579.28084667,16385879.52569088,7304020.449606326,363.9958153184821,401.65718887887857
Iran,IRN,28600000.0,Southern Asia,0.304960889350601,0.14159788050373975,0.4882404132399553,0.2810681713750059,8721881.435427189,4049699.382406957,13963675.818662722,8038549.701325169,2732703413.142931,1440933808.3010564,178700555.90134224,93101121.75542362,313.3158176219906,355.81253624920447
Iraq,IRQ,12000000.0,Western Asia,0.36802076774871967,0.17918498574340613,0.5089697818155906,0.27921889382711124,4416249.212984636,2150219.828920874,6107637.381787087,3350626.7259253347,1203459142.6794024,596349438.3517419,81577497.82843474,40946376.767971486,272.5070720966102,277.3434745279186
Iceland,ISL,248000.0,Northern Europe,0.26176760369501373,0.11284998516648477,0.32228499677571243,0.15204865952385516,64918.365716363405,27986.796321288224,79926.67920037669,37708.067561916076,22628725.15844124,10640613.567058073,1455590.2068031332,675976.3590531488,348.57200899525134,380.2012007699597
Israel,ISR,4710000.0,Western Asia,0.2296232837612278,0.10282938306149754,0.25973184012029965,0.11774855751468666,1081525.666515383,484326.3942196534,1223336.9669666113,554595.7058941742,390834212.2491819,185951983.2623245,25133758.11872285,11892464.48370944,361.37303473197136,383.93939599746636
Italy,ITA,25800000.0,Southern Europe,0.2647266441283876,0.11200600746670505,0.33591707692176553,0.15317209129087533,6829947.4185124,2889754.9926409903,8666660.58458155,3951839.9553045835,2215401548.1274443,1071081167.7657129,139457720.86577958,65783958.438365415,324.36582778406967,370.6477436645367
Jamaica,JAM,1570000.0,Caribbean,0.28742389213767955,0.11657492549155905,0.3649725925069614,0.1576080900279289,451255.51065615687,183022.63302174772,573006.9702359294,247444.70134384834,26728243.492184464,12548921.671007922,1704478.7740894428,787791.0771941697,278.27318354731034,316.1794612327754
Jordan,JOR,3080000.0,Western Asia,0.41339615751868475,0.15872492659756696,0.4829,0.19254772975450687,1273260.165157549,488872.77392050624,1487332.0,593047.0076438811,310828451.43242145,134033649.79746155,19643906.969001092,8431982.511653686,244.12014130196286,274.16877549261164
Japan,JPN,69400000.0,Eastern Asia,0.27572265341424695,0.1020035653644593,0.34400636861334927,0.14076009264127357,19135152.14694874,7079047.436293475,23874041.98176644,9768750.429304386,6288701324.379906,2719585115.730009,393487732.2337962,169338757.86448598,328.6465284459571,384.1738793537396
Kazakhstan,KAZ,10300000.0,Central Asia,0.21276882930107244,0.09519467910589328,0.5598,0.41624913782249595,2191518.941801046,980505.1947907008,5765940.0,4287366.119571708,118037395.46242476,58956970.084554635,7746374.718292231,3826129.1546352473,303.15206042041893,338.43197798518554
Kenya,KEN,23800000.0,Eastern Africa,0.19542167352283368,0.0972177102170855,0.6295506945430813,0.513054845896546,4651035.829843442,2313781.503166635,14983306.530125335,12210705.332337797,1339199308.2251813,825396060.8631378,81787108.82552485,47577228.14658402,287.93571092963606,356.7303393745274
Kyrgyzstan,KGZ,3200000.0,Central Asia,0.3278985221395367,0.1403154162024926,0.5375,0.3090055883941508,1049275.2708465173,449009.3318479763,1720000.0,988817.8828612827,316751453.21798766,149766939.19912788,20476263.03124498,9855718.014358832,301.8764112895218,333.5497250864161
Cambodia,KHM,9900000.0,South-eastern Asia,0.24581099100131146,0.07650920308983634,0.5805000000000001,0.37001119992739895,2433528.8109129835,757441.1105893798,5746950.000000001,3663110.8792812494,687807081.0215758,255495764.10842037,44519114.21208804,15432548.107036678,282.63773904675173,337.3143608611554
Kiribati,KIR,40794.0,Micronesia,0.35403857804867106,0.1421124139140643,0.6014999999999999,0.35599930981447087,14442.649752917487,5797.333813210339,24537.590999999997,14522.635844571525,4495738.762138675,1872907.3125442788,263837.9685135262,108017.08217888983,311.28212890647114,323.0635621285943
St. Kitts and Nevis,KNA,21848.0,Caribbean,0.20333117807563958,0.09814828736738875,0.8699712549514417,0.7402612516759506,4442.379578596573,2144.343782402709,19007.1319781791,16173.227826616168,1000396306.1631826,594253341.756491,57554829.6261837,31293666.57728137,298.1838778254189,366.9483697767974
South Korea,KOR,29700000.0,Eastern Asia,0.2648420487037012,0.10067158992092395,0.42913754286257433,0.2318082822875489,7865808.8464999255,2989946.2206514413,12745385.023018457,6884705.983940203,11428612424.227085,5347529786.694241,721145655.7639744,326744152.2152808,319.8687422599189,376.96044472720354
Kuwait,KWT,3000000.0,Western Asia,0.27628143772958125,0.11590249371245086,0.3394119253646365,0.1476512192107522,828844.3131887438,347707.4811373526,1018235.7760939095,442953.65763225657,573069702.743492,268335607.51336765,36238544.82538586,17371224.18766905,292.5563345671153,326.5421824295514
Laos,LAO,3580000.0,South-eastern Asia,0.10728671779114812,0.029055227204467876,0.5696,0.4694176965167524,384086.4496923103,104017.713391995,2039168.0,1680515.3535299737,91513211.31073716,30911232.824966915,6623434.919406916,2048933.4679655232,238.26201466895782,297.17277776023275
Lebanon,LBN,1940000.0,Western Asia,0.2817048426349474,0.11566876130704905,0.3520833768831539,0.15458018406861074,546507.3947117979,224397.39693567515,683041.7511533186,299885.5570931048,155652843.0716022,73116962.88905036,10403638.993125983,4855612.011631617,284.81379131875445,325.8369476986838
Liberia,LBR,2610000.0,Western Africa,0.37545664432691167,0.11779846100389539,0.8181537154802424,0.49402138676678753,979941.8416932394,307453.983220167,2135381.197403433,1289395.8194613154,245660764.33324578,92014669.00731735,16685898.273070019,5788260.44243483,250.68912651874226,299.27948255406363
Libya,LBY,2580000.0,Northern Africa,0.30179759111410753,0.13540893619171088,0.48424983462953325,0.27431366899654924,778637.7850743975,349355.0553746141,1249364.5733441957,707729.266011097,1194361031.0002632,569186473.3075683,77345474.9602931,36902512.35163253,302.1510279861067,334.01381982563976
St. Lucia,LCA,102000.0,Caribbean,0.20333117807563958,0.09814828736738875,0.8699712549514417,0.7402612516759506,20739.780163715237,10011.125311473652,88737.06800504705,75506.64767094696,1000396306.1631826,594253341.756491,57554829.6261837,31293666.57728137,298.1838778254189,366.9483697767974
Liechtenstein,LIE,20786.0,Western Europe,0.234931807664474,0.08507259655923881,0.28719999999999996,0.11261298200911857,4883.2925541137565,1768.318992080338,5969.739199999999,2340.7734440415384,53688248.01218238,22406212.77471556,3463510.6600679164,1448627.9605598426,296.0193572826162,341.16264050883444
Sri Lanka,LKA,8500000.0,Southern Asia,0.23302758364130496,0.10493464849665489,0.4724158670313008,0.3079491517941969,1980734.4609510922,891944.5122215665,4015534.8697660565,2617567.790250674,601291533.641126,305838810.53269607,38101715.04577333,18972534.475880984,303.5699865354001,342.88995149591
Lesotho,LSO,884000.0,Southern Africa,0.18723054501998956,0.073416237231109,0.5700999999999999,0.411564805720985,165511.80179767078,64899.95371230036,503968.39999999997,363823.28825735074,48032584.33942991,22599235.296882197,2946356.2491767816,1338502.5393382343,290.2064011009145,348.21650870606106
Lithuania,LTU,1550000.0,Northern Europe,0.24321055072007322,0.1080082981320006,0.3142890256024868,0.1531652547260372,376976.3536161135,167412.8621046009,487147.9896838545,237406.14482535765,125507132.42024831,61852948.78699034,7930180.833743825,3907112.50327755,332.931047839823,369.46354067075276
Luxembourg,LUX,350000.0,Western Europe,0.16355738699378036,0.07005028123020228,0.19749035053233244,0.09131758205542931,57245.08544782313,24517.598430570797,69121.62268631635,31961.15371940026,19341360.217659783,9094049.35245249,1233166.3257526234,587752.684858282,337.8693571047029,370.91925533429054
Latvia,LVA,955000.0,Northern Europe,0.2504428446952982,0.11734873210944041,0.32274510184239336,0.1668428545662849,239172.91668400978,112068.03916451559,308221.57225948566,159334.92611080207,79548725.70176688,40562573.596754216,5097860.064271703,2608547.898082918,332.5992207004984,361.94595621690553
Macau,MAC,382000.0,Eastern Asia,0.2219045890323851,0.09247000337750395,0.36594359368730284,0.20974185425275707,84767.5530103711,35323.54129020651,139790.45278854968,80121.3883245532,8389191505.191821,4038216301.8224244,531379791.72327596,245509197.68917242,304.12202197521486,343.3966486561479
Saint-Martin,MAF,,Caribbean,0.20333117807563958,0.09814828736738875,0.8699712549514417,0.7402612516759506,,,,,1000396306.1631826,594253341.756491,57554829.6261837,31293666.57728137,298.1838778254189,366.9483697767974
Morocco,MAR,12500000.0,Northern Africa,0.30179759111410753,0.13540893619171088,0.48424983462953325,0.27431366899654924,3772469.888926344,1692611.702396386,6053122.932869165,3428920.8624568656,1194361031.0002632,569186473.3075683,77345474.9602931,36902512.35163253,302.1510279861067,334.01381982563976
Monaco,MCO,78364.0,Western Europe,0.234931807664474,0.08507259655923881,0.28719999999999996,0.11261298200911857,18410.19617581884,6666.62895676819,22506.140799999997,8824.803722162567,53688248.01218238,22406212.77471556,3463510.6600679164,1448627.9605598426,296.0193572826162,341.16264050883444
Moldova,MDA,1360000.0,Eastern Europe,0.22240370126954057,0.10051807050933946,0.49181846295485343,0.3449047251618937,302469.03372657514,136704.57589270166,668873.1096186007,469070.4262201754,705442063.5472229,412323471.25111073,45569842.56959451,25824857.84477641,304.2554506275433,347.0507548745404
Madagascar,MDG,16500000.0,Eastern Africa,0.20333117807563958,0.09814828736738875,0.8699712549514417,0.7402612516759506,3354964.438248053,1619446.7415619143,14354525.706698788,12214310.652653184,1000396306.1631826,594253341.756491,57554829.6261837,31293666.57728137,298.1838778254189,366.9483697767974
Maldives,MDV,270000.0,Southern Asia,0.1827570852930888,0.07438677232421853,0.388231802169931,0.25928933761714,49344.413029133975,20084.428527539003,104822.58658588136,70008.1211566278,13964868.269496435,6218509.720203068,915027.29669905,405209.50072382286,283.0080937684127,309.61845449953853
Mexico,MEX,61000000.0,Central America,0.4143979227698444,0.14527984045764872,0.6013328534436458,0.26237465747610333,25278273.28896051,8862070.267916571,36681304.06006239,16004854.106042303,7727176460.020217,3164840370.952616,474291877.0454143,190343157.36387244,305.6845050961142,357.1220127209231
Marshall Islands,MHL,13860.0,Micronesia,0.249056154765952,0.10958732402688108,0.3827685485198031,0.21848857651498796,3451.9183050560946,1518.8803110125718,5305.172082484471,3028.251670497733,1014904.818408271,459525.91295945976,64015.373937362245,29403.975982400796,294.01183015302513,302.54254375916804
North Macedonia,MKD,779000.0,Southern Europe,0.3266851715281711,0.145053979643503,0.45740000000000003,0.23805890199267918,254487.7486204453,112997.05014228883,356314.60000000003,185447.88465229707,78748382.88668253,39701426.07205438,4948643.850914404,2431713.190245346,309.4387974021157,351.3492256838679
Mali,MLI,9130000.0,Western Africa,0.16249072018244032,0.036513044193368954,0.7772005498018819,0.6193148529009779,1483540.2752656802,333364.0934854586,7095841.019691182,5654344.606985928,352930377.9324503,102732929.37501758,25274273.47144101,6729380.870949041,237.8974024613155,308.17035002451104
Malta,MLT,318000.0,Southern Europe,0.26338292027085525,0.10818034854799423,0.32891328470265374,0.14693585078837354,83755.76864613197,34401.350838262166,104594.42453544389,46725.60055070279,32208027.05668928,14410333.043259302,2094130.9487450228,929040.3672197908,309.0153635304868,349.8858686482238
Myanmar,MMR,22700000.0,South-eastern Asia,0.2843575029734526,0.0865433563758088,0.7500000000000002,0.49433837842046296,6454915.317497374,1964534.1897308598,17025000.000000004,11221481.19014451,1720738245.4931457,651398576.4354167,115592131.1861885,41012134.62683024,266.57797366120843,331.57914982617734
Montenegro,MNE,245000.0,Southern Europe,0.293449349453078,0.12661846391825912,0.3772548573322488,0.17614591083214692,71895.0906160041,31021.523659973485,92427.44004640095,43155.748153876,20307107.99944422,10184172.788004277,1363291.9793640191,662516.7820463808,282.4547243135929,328.29376466587723
Mongolia,MNG,1450000.0,Eastern Asia,0.2955756862232198,0.12685156347381993,0.5593136231457428,0.3558592668868651,428584.7450236687,183934.7670370389,811004.7535613271,515995.93698595435,130788455.47746408,64264366.91709682,8620023.455358583,4248094.554770912,305.16358082283415,349.3867306997808
Northern Mariana Islands,MNP,23002.0,Micronesia,0.2244306543076279,0.09134795802167128,0.40569375763819204,0.24713624220235417,5162.353910384057,2101.185730414483,9331.767813193694,5684.627843138551,2032797.5821477391,886258.5321668647,131101.55102515296,57165.90383286291,281.15104606111305,303.81504693176004
Mozambique,MOZ,15200000.0,Eastern Africa,0.14633163840495844,0.04699954335802817,0.8694974419891682,0.7442434858580461,2224240.903755368,714393.0590420282,13216361.118235357,11312500.9850423,589739872.9070692,225428385.2712923,38386930.60948772,13607626.94495959,265.1420859635137,315.55231733855663
Mauritania,MRT,1210000.0,Western Africa,0.2958730455588336,0.08150241039717238,0.6332789863508653,0.3471997165889175,358006.38512618863,98617.91658057857,766267.5734845471,420111.6570725902,840047321.9696083,301763280.6202262,56712703.455844514,18597504.62611392,270.40147135788925,352.6197558945599
Mauritius,MUS,595000.0,Eastern Africa,0.2916278252960328,0.11752887040669951,0.3889273237482991,0.1786834885136044,173518.55605113952,69929.67789198621,231411.75763023796,106316.67566559462,48636150.79762974,21634494.35444168,3121922.860893543,1390236.2160083584,280.2936579491571,309.37500366952133
Malawi,MWI,8600000.0,Eastern Africa,0.21981174858759236,0.06407357084394541,0.5890993222227493,0.3669620855926111,1890381.0378532943,551032.7092579305,5066254.171115644,3155873.9360964554,495267610.5132959,182493983.5878837,31811805.126148377,10613513.62842947,261.99353495193697,331.18539157801774
Malaysia,MYS,18300000.0,South-eastern Asia,0.27360109902031593,0.09802243114940512,0.582730634123222,0.35754312776335634,5006900.112071781,1793810.4900341136,10663970.604454963,6543039.238069421,6273084271.459004,2665362809.055143,412753027.033631,162272105.83666837,283.60548783824237,349.46265484613537
Namibia,NAM,1130000.0,Southern Africa,0.2535799226325485,0.09296054449310415,0.4782858676601466,0.29193580380319833,286545.31257477985,105045.41527720769,540463.0304559657,329887.4582976141,75458220.78299268,35383073.829061076,4742087.55678509,2167578.1317767696,263.33782990534985,336.8359650508074
New Caledonia,NCL,131000.0,Melanesia,0.2106926753572066,0.0851469895976219,0.4946875152763841,0.34570006442025614,27600.740471794063,11154.25563728847,64804.06450120632,45286.70843905355,3556491.0231430707,1546053.8629080611,230061.54098898062,100192.14265176962,295.1047841748739,317.4382772066761
Niger,NER,10500000.0,Western Africa,0.2958730455588336,0.08150241039717238,0.6332789863508653,0.3471997165889175,3106666.978367753,855775.3091703099,6649429.356684086,3645597.0241836337,840047321.9696083,301763280.6202262,56712703.455844514,18597504.62611392,270.40147135788925,352.6197558945599
Nigeria,NGA,113000000.0,Western Africa,0.2715114494250729,0.08572632330063601,0.6319624883755754,0.414484722123765,30680793.785033237,9687074.532971868,71411761.18644002,46836773.59998545,9408390669.580616,3352264009.3833675,571858183.4578093,204511126.16158706,306.6540825345345,346.05535427370523
Nicaragua,NIC,3220000.0,Central America,0.35120617250383024,0.11673599671186363,0.5839013585135885,0.29192605840940256,1130883.8754623334,375889.9094122009,1880162.374413755,940001.9080782762,515304156.22582453,203123317.32504138,32482089.712749917,12099405.50334807,285.53347721964013,345.5163054328461
Netherlands,NLD,10300000.0,Western Europe,0.2412835449553583,0.10110357251220184,0.28632685953202086,0.12483853787024778,2485220.5130401906,1041366.7968756789,2949166.653179815,1285836.940063552,876270824.0780634,411339737.7367993,56059171.35051598,26041126.93322381,352.5927858233047,394.9998588114252
Norway,NOR,3040000.0,Northern Europe,0.2958414909875723,0.1289707514831847,0.34086247703173006,0.15474353818893594,899358.1326022197,392071.0845088815,1036221.9301764594,470420.35609436524,334821246.24519664,156636708.5075024,21478057.648463488,9946496.111645667,372.2891183253312,399.5109935324857
Nepal,NPL,8440000.0,Southern Asia,0.26670253154033635,0.08044275781395331,0.5136999999999998,0.27982757750358866,2250969.3662004387,678936.8759497659,4335627.999999998,2361744.7541302885,646923590.4121687,240501422.47810555,41931940.53989057,14646357.182461565,287.3977763207654,354.23237564120774
Nauru,NRU,8000.0,Polynesia,0.33560521215885847,0.21677204914685486,0.3895887967883813,0.25234110720117503,2684.841697270868,1734.176393174839,3116.7103743070506,2018.7288576094002,697010.0120356604,446238.81514273153,43459.35318296781,27949.129036202634,259.60935154730674,257.3203146456059
New Zealand,NZL,3120000.0,Australia and New Zealand,0.20733647518508186,0.09044552911150781,0.2496524683733548,0.11650002478084234,646889.8025774554,282190.0508279044,778915.701324867,363480.0773162281,1133835475.3006566,536884131.8544294,71693257.41218178,33885809.93388077,367.0185892582415,398.38886924243207
Oman,OMN,2700000.0,Western Asia,0.27628143772958125,0.11590249371245086,0.3394119253646365,0.1476512192107522,745959.8818698694,312936.7330236173,916412.1984845186,398658.2918690309,573069702.743492,268335607.51336765,36238544.82538586,17371224.18766905,292.5563345671153,326.5421824295514
Pakistan,PAK,83600000.0,Southern Asia,0.26581048332812157,0.10961317045349069,0.6344679619624386,0.4344956628128616,22221756.406230964,9163661.049911821,53041521.62005987,36323837.41115523,6635954579.317112,3231392802.6694593,425625155.8267591,197775790.8273844,298.6242157463483,352.63120111808956
Panama,PAN,2210000.0,Central America,0.2991576699411055,0.16345304088303125,0.4597731904522805,0.2918847139466951,661138.4505698432,361231.2203514991,1016098.7508995399,645065.2178221961,195927291.536581,107760726.05168632,12221054.278125258,6869153.95743296,296.3483539154453,298.3150956521112
Peru,PER,18900000.0,South America,0.30168729132584643,0.11069297715203383,0.5790884742255268,0.3175078288116759,5701889.806058497,2092097.2681734394,10944772.162862455,6000897.964540674,1716545451.69227,739347794.8707849,110535575.24263823,47493604.2376415,301.0485137521193,353.40029649591384
Philippines,PHL,51000000.0,South-eastern Asia,0.2773455746578083,0.1082333708669775,0.5047000000000001,0.28723682433242537,14144624.307548223,5519901.9142158525,25739700.000000007,14649078.040953694,3959960816.2838664,1883728200.9831312,266199665.4477968,119610436.83916761,279.9622478605281,341.26117279943196
Palau,PLW,8000.0,Micronesia,0.23816863325804924,0.09754892644572068,0.31670000000000004,0.14857241998445214,1905.3490660643938,780.3914115657655,2533.6000000000004,1188.5793598756172,509104.1411524079,226463.20142566826,32141.561061325287,14139.665013956206,267.1973079473523,290.19181665684397
Papua New Guinea,PNG,3660000.0,Melanesia,0.22328976438612644,0.06663205470030165,0.6973269795361872,0.4480005214869791,817240.5376532228,243873.32020310403,2552216.745102445,1639681.9086423435,202259728.73829103,77074926.54027478,14541266.348646132,4840809.410097985,247.4910622019527,316.04493052411306
Poland,POL,18200000.0,Eastern Europe,0.24012605059378958,0.11272751029217302,0.33056580014276177,0.18110434051758809,4370294.120806971,2051640.687317549,6016297.562598264,3296098.9974201033,1445943282.8136318,739081732.5443999,92427592.15406069,46903417.95050587,330.8572015621319,360.2393621422688
Puerto Rico,PRI,1150000.0,Caribbean,0.28324777100741705,0.12817240944982325,0.38907477929154616,0.20081439741085563,325734.9366585296,147398.27086729673,447435.99618527805,230936.557022484,90195615.27493186,47862354.98225672,5656772.41791468,3035800.896621606,284.94374944909936,319.0742345514613
North Korea,PRK,17600000.0,Eastern Asia,0.22274314118974825,0.07476126237457302,0.6334332609073497,0.44352572383509137,3920279.2849395694,1315798.2177924851,11148425.391969355,7806052.7394976085,2189859518.0295205,990286007.9154395,139900003.76739284,58313842.615895994,268.6899362669869,332.5067294873313
Portugal,PRT,5460000.0,Southern Europe,0.26870945607425195,0.1126965291589655,0.32157312563107615,0.14115552760516364,1467153.6301654156,615323.0492079516,1755789.2659456758,770709.1807241935,495189511.0661924,228836171.71386114,31310209.991075687,14317746.3193463,337.51714945514044,371.8959853826713
Paraguay,PRY,3500000.0,South America,0.3064062338803381,0.11187022142212788,0.5234294914085088,0.27920542935357084,1072421.8185811834,391545.7749774476,1832003.2199297808,977219.0027374979,834420197.3148557,353407561.52708024,54055447.97429518,22831490.672344714,301.11425107612587,353.75575593717804
Palestine,PSE,726700.0,Western Asia,0.29071966678020766,0.11403783629152381,0.3935,0.17804479626910583,211265.9818491769,82871.29563305035,285956.45,129385.1534487592,64159166.16894319,29295582.3915488,4224785.002772652,1889497.1628936953,303.68905399425125,353.50699138659627
French Polynesia,PYF,119000.0,Polynesia,0.2106926753572066,0.0851469895976219,0.4946875152763841,0.34570006442025614,25072.428367507586,10132.491762117006,58867.81431788971,41138.30766601048,3556491.0231430707,1546053.8629080611,230061.54098898062,100192.14265176962,295.1047841748739,317.4382772066761
Qatar,QAT,2120000.0,Western Asia,0.27628143772958125,0.11590249371245086,0.33941192536463644,0.1476512192107522,585716.6479867123,245713.2866703958,719553.2817730292,313020.5847267946,573069702.743492,268335607.51336765,36238544.82538586,17371224.18766905,292.5563345671153,326.5421824295514
Romania,ROU,8260000.0,Eastern Europe,0.3136566512218216,0.15513428220839895,0.4502501566849663,0.2594437465273699,2590803.939092247,1281409.1710413753,3719066.2942178217,2143005.3463160754,837061613.9830256,457045980.26557904,53928097.379301004,28913389.102819525,323.08952497436417,356.6745038153169
Russia,RUS,72500000.0,Eastern Europe,0.3281520972784756,0.17662533350175447,0.39770000000000005,0.21738054461424003,23791027.05268948,12805336.678877199,28833250.000000004,15760089.484532403,7628868223.332156,4438207169.66226,492162282.37438464,284759116.0490389,320.6615757460434,346.5904318613677
Rwanda,RWA,5670000.0,Eastern Africa,0.2068478620172251,0.08455223050163904,0.7071077011975521,0.5506025176369875,1172827.3776376664,479411.14694429334,4009300.66579012,3121916.275001719,332629262.08100796,172254583.3386159,20770239.91582331,9650193.120824087,283.6131458245772,359.30450185930187
Saudi Arabia,SAU,17200000.0,Western Asia,0.27628143772958125,0.11590249371245086,0.33941192536463644,0.1476512192107522,4752040.728948797,1993522.8918541546,5837885.116271746,2539600.9704249375,573069702.743492,268335607.51336765,36238544.82538586,17371224.18766905,292.5563345671153,326.5421824295514
Sudan,SDN,13060000.0,Northern Africa,0.24779293691256166,0.07638068747128975,0.6870188325632437,0.439414489598233,3236175.756078055,997531.7783750441,8972465.953275962,5738753.234152922,845135348.0556967,327612690.2978287,58961838.70413221,20940390.277030744,261.15248730493005,328.423311818198
Senegal,SEN,5760000.0,Western Africa,0.2077144242312482,0.06473989285395834,0.6210926311685315,0.44446820501863693,1196435.0835719896,372901.78283880005,3577493.555530742,2560136.860907349,338341748.8389294,128869303.10462427,20736920.631425466,7874851.426641188,282.7915642767687,345.5851085601609
Singapore,SGP,3720000.0,South-eastern Asia,0.18984773407161476,0.08560039227761934,0.2176184702628062,0.09662723657169,706233.5707464069,318433.45927274396,809540.7093776391,359453.3200466868,209859486.30937603,100958145.98637874,13956004.152399283,6868848.812269218,297.15308787654897,317.04628721162834
Solomon Islands,SLB,436000.0,Melanesia,0.21328271284538594,0.07549449682627656,0.5998039139578877,0.4126294196140226,92991.26280058827,32915.600616256575,261514.50648563902,179906.42695171386,78893167.16878648,31357874.07866757,5579957.459320879,1965978.4223976294,266.41415902878595,326.4056735833837
Sierra Leone,SLE,2860000.0,Western Africa,0.222100871354572,0.06079273642801783,0.8418640792691868,0.5966415865973294,635208.4920740759,173867.226184131,2407731.2667098744,1706394.937668362,159716433.38083124,55456799.4030152,11356223.230786745,3610534.2023720047,251.43938623888178,318.96062656618597
El Salvador,SLV,2890000.0,Central America,0.3235558926845985,0.1072417019661297,0.5023,0.23327396473784714,935076.5298584896,309928.51868211484,1451647.0,674161.7580923783,255606774.2702104,103620828.08584699,16840752.16815453,6405729.143629151,273.35385512124105,334.3378290144639
San Marino,SMR,15554.0,Southern Europe,0.234931807664474,0.08507259655923881,0.28719999999999996,0.11261298200911857,3654.1293364132284,1323.2191668824005,4467.108799999999,1751.5823221698301,53688248.01218238,22406212.77471556,3463510.6600679164,1448627.9605598424,296.0193572826162,341.16264050883444
Somalia,SOM,3440000.0,Eastern Africa,0.25454902357474674,0.10215495099357508,0.42987111817238316,0.21819750539143778,875648.6410971287,351413.03141789825,1478756.646512998,750599.418546546,255564402.9942643,119832022.99765158,16379081.508929277,7707415.404858362,291.8572484439185,341.0005101807055
Serbia,SRB,3230000.0,Southern Europe,0.2659060649181781,0.13006605933671886,0.45770000000000016,0.2969515533535294,858876.5896857153,420113.3716576019,1478371.0000000005,959153.5173319,274120662.46367437,151049129.42571506,17266435.478146315,9264140.111078493,319.1618746576642,359.5437318020483
South Sudan,SSD,5303000.0,Eastern Africa,0.27408502012309266,0.08753297010832617,0.5744330046601009,0.3195681083579769,1453472.8617127603,464187.34048445366,3046218.223712515,1694669.6786223515,646067686.6588417,245427763.02563506,43643018.68158738,15357955.827514872,276.0118997110725,344.7139333105481
Sao Tome and Principe,STP,34500.0,Middle Africa,0.2947390622828995,0.10363163820858962,0.6272626813096002,0.370895846497152,10168.497648760032,3575.2915181963417,21640.562505181206,12795.906704151745,2816767.8154023946,1077346.1545679301,185595.15235032744,69684.36217711076,277.0092409615571,301.33099611173196
Suriname,SUR,255000.0,South America,0.33341257558872267,0.15173235518490308,0.46731000786603194,0.2409893054811046,85020.20677512429,38691.75057215028,119164.05200583815,61452.27289768167,24443643.788131516,12117811.40126998,1566354.4424227958,773973.1223096754,287.50393248024164,313.1885019953631
Slovakia,SVK,2780000.0,Eastern Europe,0.2959439625346679,0.1449629215731548,0.3459845848721682,0.1690870189410484,822724.2158463768,402996.9219733703,961837.1459446276,470061.9126561146,272735554.11477494,146153684.88941205,17022471.767570168,8937725.981865518,331.50301019667745,362.6670004667424
Slovenia,SVN,1060000.0,Southern Europe,0.2600073636498781,0.12060964906839437,0.32842753088962984,0.16511286966337493,275607.8054688708,127846.22801249803,348133.1827430076,175019.64184317744,92860155.07877529,47284566.05448106,5744792.367887363,2890309.066845332,336.928611005045,369.85499525147196
Sweden,SWE,5700000.0,Northern Europe,0.25577613396454,0.11784701855882462,0.29297871792145674,0.14093754909085116,1457923.963597878,671728.0057853004,1669978.6921523034,803344.0298178516,551004490.2724417,261535216.58091578,34762447.766166694,16559349.342023207,377.9377416313728,389.34689982913767
Eswatini,SWZ,391000.0,Southern Africa,0.32013094344731635,0.12296579271306654,0.5035990424910786,0.2530057764359608,125171.1988879007,48079.62495080902,196907.22561401172,98925.25858646067,33319543.304060455,15230148.996226138,2211547.90850543,966215.5141643556,266.19177254905395,316.76929701112124
Sint Maarten,SXM,23200.0,Caribbean,0.2338144958691812,0.10577431180705031,0.5451694506636826,0.39241280156864217,5424.496304165004,2453.964033923567,12647.931255397436,9103.9769963925,334142038.5999997,198390797.86080328,19227620.12468614,10450824.843082057,295.4025127104897,324.0111524317112
Seychelles,SYC,100000.0,Eastern Africa,0.3507108865030438,0.15845583862230894,0.44290878671200185,0.22058735914965713,35071.08865030438,15845.583862230895,44290.87867120018,22058.735914965713,11394289.064176828,5395582.426434759,727362.3418057738,347199.5704102811,324.8912281506248,340.5101682176271
Syria,SYR,6620000.0,Western Asia,0.3543739226341172,0.1511928912160074,0.44798438623291487,0.20878226921674295,2345955.367837856,1000896.939849969,2965656.6368618966,1382138.6222148384,556646812.3944753,267833350.3460846,37208347.93018726,18077990.430418927,267.14700157244255,292.44973257307134
Turks and Caicos Islands,TCA,,Caribbean,0.249056154765952,0.10958732402688108,0.3827685485198031,0.21848857651498796,,,,,1014904.818408271,459525.91295945976,64015.373937362245,29403.975982400796,294.01183015302513,302.54254375916804
Chad,TCD,6600000.0,Middle Africa,0.2886103704135866,0.08351259696755697,0.6136636591206105,0.33798918051193727,1904828.4447296716,551183.139985876,4050180.1501960293,2230728.591378786,775387443.5326861,282984774.7553625,52356141.86442547,17517655.026580904,272.2716141422837,349.98448169988933
Taiwan,TWN,12028000.0,Eastern Asia,0.25415643038344443,0.09838171955429575,0.3796958350544088,0.1941034097271932,3056993.5446520695,1183335.3227990693,4566981.504034429,2334675.81219868,8702168417.932938,4035110401.415558,548671059.9070154,247197369.25631306,317.5457642270303,368.17699091236364
Togo,TGO,3340000.0,Western Africa,0.25380083673940756,0.05750884049681731,0.6347000000000003,0.38570542606773983,847694.7947096212,192079.52725936982,2119898.000000001,1288256.123066251,201833016.25818688,60224443.16005953,14779702.598350806,4000462.8240269176,238.09632608080955,313.5391054911175
Thailand,THA,40600000.0,South-eastern Asia,0.2550216331232442,0.09439200574042449,0.5647870422432013,0.3576445927565872,10353878.304803716,3832315.433061234,22930353.915073972,14520370.465917442,2894390511.0496507,1309014512.1924691,191909612.29687884,81843931.68809621,279.5465067139903,341.57274761353216
Tajikistan,TJK,2780000.0,Central Asia,0.30488427575338334,0.13478552758770762,0.5083903844148249,0.28974685127734195,847578.2865944057,374703.7666938272,1413325.2686732132,805496.2465510106,256186160.42268455,126359748.56047945,16196639.244643966,7927101.971576875,302.25663454882505,337.22572280339205
Turkmenistan,TKM,2440000.0,Central Asia,0.21276882930107244,0.09519467910589328,0.5598,0.41624913782249595,519155.9434946168,232275.0170183796,1365912.0,1015647.8962868901,118037395.46242476,58956970.084554635,7746374.718292231,3826129.1546352473,303.15206042041893,338.43197798518554
Timor-Leste,TLS,616000.0,South-eastern Asia,0.24849502987229266,0.08462101615213596,0.6608999999999999,0.43752947926866753,153072.93840133227,52126.54594971576,407114.39999999997,269518.1592294992,37762221.226159,15074078.442439288,2693373.262138309,994742.2786994982,246.69429894363572,289.1823766144146
Tonga,TON,34800.0,Polynesia,0.1823366262092382,0.0630319888468984,0.382,0.2445767496509405,6345.3145920814895,2193.513211872064,13293.6,8511.27088785273,1950924.6851363098,677434.9439938727,119011.5727758705,42850.8534885706,307.45909549873664,308.83558864717884
Trinidad and Tobago,TTO,650000.0,Caribbean,0.2631617509434661,0.10448926197487945,0.34247855491539675,0.152950388257943,171055.13811325296,67918.02028367165,222611.06069500788,99417.75236766295,47931310.796030104,23277417.224075917,3044784.2015293366,1450457.6552376878,280.2097108845425,342.72814676949736
Tunisia,TUN,4250000.0,Northern Africa,0.31488375484897696,0.1459276048077068,0.48389999999999994,0.2724293610947407,1338255.958108152,620192.3204327539,2056574.9999999998,1157824.784652648,407063727.8539861,206591251.7548534,24632637.73121178,12266585.237134771,304.1747921148347,333.1083680795974
Türkiye,TUR,36100000.0,Western Asia,0.29848922787099746,0.1272547806703947,0.47159999999999996,0.26840694385499086,10775461.126143008,4593897.582201249,17024760.0,9689490.67316517,3387297514.296913,1589329584.4766455,213346027.85078385,99079956.18684101,314.35290561058054,345.9653934459482
Tuvalu,TUV,9646.0,Polynesia,0.3742944093041758,0.17815448854370525,0.5097271870643301,0.26475990598349886,3610.4438721480797,1718.4781964925808,4916.828446422528,2553.87405311683,1165974.9839004204,562316.9661353984,67482.280009046,32709.15827231381,322.9450519630177,327.2179811667608
Tanzania,TZA,33000000.0,Eastern Africa,0.18093906462135914,0.07560386571266446,0.7472851893096513,0.6256018062648154,5970989.132504852,2494927.568517927,24660411.247218493,20644859.60673891,1859296368.989994,923699433.1430252,110888806.27505794,54104161.55892714,311.3883357898547,370.23096173158024
Uganda,UGA,22800000.0,Eastern Africa,0.16119818493740973,0.05293183377470776,0.7326,0.597468585893413,3675318.6165729417,1206845.810063337,16703280.0,13622283.758369816,979175970.8697618,402678841.93841237,67939684.51929995,26388872.62177109,266.4193429256472,333.6622115109131
Ukraine,UKR,25040604.0,Eastern Europe,0.24448314497199236,0.12572214340922197,0.34725090282898974,0.20605575769194465,6122005.617918252,3148158.4071415374,8695372.346383212,5159760.63028394,1912810804.6728165,1140399874.10079,123468038.56918506,71283750.69547093,312.44839094467466,362.243485433838
Uruguay,URY,1770000.0,South America,0.3134022457137714,0.12462208142645176,0.42879999999999996,0.20266708948660445,554721.9749133753,220581.0841248196,758975.9999999999,358720.74839128985,170178161.18500268,78407126.92519222,11031505.352310352,4996383.232518141,306.78099819567717,355.45716549667605
United States,USA,174000000.0,Northern America,0.2502131744669097,0.11572155599011344,0.29580000000000006,0.13803329687024218,43537092.35724229,20135550.74227974,51469200.00000001,24017793.65542214,15389794878.966574,7901993141.012426,975751453.0733439,500728097.44605505,353.4869704362909,392.4398811908418
Uzbekistan,UZB,14000000.0,Central Asia,0.25114539358056054,0.11023492480475972,0.5523666666666666,0.38050128801304756,3516035.5101278475,1543288.947266636,7733133.333333332,5327018.032182666,184275414.71427906,89226959.78941238,11989670.822609812,5835992.107876442,302.72684404345324,336.8045603522624
St. Vincent and the Grenadines,VCT,52100.0,Caribbean,0.20333117807563958,0.09814828736738875,0.8699712549514417,0.7402612516759506,10593.554377740822,5113.525771840954,45325.50238297011,38567.611212317024,1000396306.1631826,594253341.756491,57554829.6261837,31293666.57728137,298.1838778254189,366.9483697767974
Venezuela,VEN,11100000.0,South America,0.29093047629423485,0.11011386541654107,0.5471995090914493,0.3118151884519953,3229328.286866007,1222263.9061236058,6073914.550915088,3461148.5918171476,1608473731.4505672,710409653.6160913,103424943.68361898,45026726.88929192,296.54386857851745,345.95048473428733
British Virgin Islands,VGB,22000.0,Caribbean,0.249056154765952,0.10958732402688108,0.3827685485198031,0.21848857651498796,5479.235404850944,2410.921128591384,8420.908067435668,4806.748683329735,1014904.818408271,459525.91295945976,64015.373937362245,29403.975982400796,294.01183015302513,302.54254375916804
United States Virgin Islands,VIR,47200.0,Caribbean,0.249056154765952,0.10958732402688108,0.3827685485198031,0.21848857651498796,11755.450504952934,5172.521694068787,18066.675490134705,10312.660811507432,1014904.818408271,459525.91295945976,64015.373937362245,29403.975982400796,294.01183015302513,302.54254375916804
Vietnam,VNM,57100000.0,South-eastern Asia,0.276585202804644,0.10868520354344235,0.580699782722049,0.36682109656805867,15793015.080145173,6205925.1223305585,33157957.593429,20945484.61403615,4757327097.2846775,2288548214.4859347,297484445.19658315,131880459.75289223,301.2298204707943,368.7682608755838
Vanuatu,VUT,118000.0,Melanesia,0.14256350160565967,0.04334652423092505,0.5453847623374762,0.4174931265778033,16822.49318946784,5114.889859249156,64355.4019558222,49264.18893618079,4556227.885905713,1656003.5232327145,301860.4599879956,106107.66834539465,270.8414165837355,323.7613260113892
Samoa,WSM,57200.0,Polynesia,0.2106926753572066,0.0851469895976219,0.4946875152763841,0.34570006442025614,12051.621030432218,4870.407804983973,28296.12587380917,19774.043684838653,3556491.0231430707,1546053.8629080611,230061.54098898062,100192.14265176962,295.1047841748739,317.4382772066761
Kosovo,XKX,464567.0,Southern Europe,0.3197377137973954,0.12178275630961423,0.405,0.16590680293527132,148539.59048571458,56576.249750488554,188149.635,77074.8257192302,42264805.15933315,18223828.067453362,2758524.9737955746,1150212.7770091558,284.5356246178547,322.11092371487547
Yemen,YEM,7850000.0,Western Asia,0.2515463183915534,0.09069972276144826,0.5441589912349879,0.31651616503890234,1974638.599373694,711992.8236773688,4271648.081194655,2484651.8955553835,517595934.13267875,212178986.24217474,35304751.373463914,13588737.570268309,278.2106879377014,335.41064424181326
South Africa,ZAF,27800000.0,Southern Africa,0.27800930617511643,0.11254639171022114,0.37687860248851723,0.18290632948827532,7728658.711668237,3128789.689544148,10477225.14918078,5084795.959774054,2150915330.4396143,1092074384.2612097,133623180.47975145,67070370.991583474,278.30383132228354,349.04052129509563
Zambia,ZMB,7410000.0,Eastern Africa,0.1559626962690259,0.05037581629902262,0.6202000000000002,0.4886975131160354,1155683.579353482,373284.79877575766,4595682.000000002,3621248.5721898223,286356762.95140094,111314693.84713472,19981503.121749412,7271197.333926357,247.7812855241882,298.20312590335215
Zimbabwe,ZWE,6390000.0,Eastern Africa,0.20280417212146024,0.0783603504745056,0.7031277844170508,0.5130589988228413,1295918.6598561308,500722.63953209075,4492986.5424249545,3278447.002477956,346027536.35575974,154884524.3171953,21993356.632417835,9230066.089309799,267.01331424163203,309.32199203521117
