Region,occupational_group,% of Essential Workers,% of Vital Workers,% of Indoor Essential Workers,% of Indoor Vital Workers
Australia and New Zealand,Food,0.11465334750381417,0.1605741254823239,0.051899663386312765,0.009332596805611902
Australia and New Zealand,Health,0.32261369832741554,0.3468909302523415,0.38521753237370243,0.44157725510142953
Australia and New Zealand,Retail,0.16886204654665832,0.027835468978360388,0.1564043578376932,0.027579990006746352
Australia and New Zealand,Security,0.0344950510086256,0.05913663724737208,0.0415352610932579,0.07617203163553561
Australia and New Zealand,Transport,0.11170667494872873,0.1958568636941806,0.11004976067767085,0.2064084792070647
Australia and New Zealand,Manual,0.15125143850642875,0.16860715580163668,0.1536353843908956,0.1904476192624336
Australia and New Zealand,Cleaning,0.03661844967189714,0.00620059319985705,0.0338399899633334,0.004991742464604576
Australia and New Zealand,Tech,0.059167060065792774,0.034356290234995195,0.0666567822276516,0.04279223604701476
Australia and New Zealand,ArmedForces,0.0006322334206390491,0.0005419351089326933,0.0007612680494822304,0.0006980494695589572
Caribbean,Food,0.1634766323111017,0.28516355066491267,0.06352052885352891,0.025902124482231215
Caribbean,Health,0.06799809556091357,0.08642464040384845,0.08865787964970605,0.12994723068259617
Caribbean,Retail,0.2466258778343407,0.04277581733370208,0.24515280813788815,0.050730919599015656
Caribbean,Security,0.06137443201337994,0.11389054935769594,0.08158987289942418,0.17559229633704904
Caribbean,Transport,0.13919931599428248,0.2641782994944381,0.1514034237263479,0.3332458388660328
Caribbean,Manual,0.14907894129591992,0.16657458983783985,0.1679668443640491,0.2261365582220498
Caribbean,Cleaning,0.10018690538010158,0.006161216645805616,0.10804607939331849,0.005936961984381027
Caribbean,Tech,0.06391013657012053,0.027269803142517184,0.08282857315651275,0.04084997377105354
Caribbean,ArmedForces,0.008149663039839588,0.007561533119240069,0.01083398981922454,0.0116580960555907
Central America,Food,0.2311393028861658,0.4282501437348959,0.0749602723037182,0.05835484018706112
Central America,Health,0.047034451066734914,0.05585546044242842,0.06910036385092433,0.10530275458010573
Central America,Retail,0.24269879812014336,0.03813650924146219,0.25835469527882104,0.05635919883805954
Central America,Security,0.02558784007329795,0.045036391099052726,0.03813721854163423,0.08652284812640218
Central America,Transport,0.0879295763224772,0.15827953733369596,0.1072260215999569,0.24879509926071489
Central America,Manual,0.22842598630162533,0.2318420525545461,0.2806203125081449,0.3702368692728241
Central America,Cleaning,0.06849573522444868,0.007336442579029135,0.08093245064335597,0.00880912484829906
Central America,Tech,0.06726964897998748,0.03401499162024972,0.08855423180049407,0.06322073120671434
Central America,ArmedForces,0.0014186610251194836,0.0012484713946398628,0.0021144334729503137,0.002398533679819084
Central Asia,Food,0.3026026319672521,0.5042120504330649,0.055551368332083795,0.07519018934268082
Central Asia,Health,0.058154891652443294,0.058753854614227594,0.09385412718977851,0.12439374974483229
Central Asia,Retail,0.16105733696597166,0.021375617787800255,0.20220102322137895,0.03581771099807293
Central Asia,Security,0.04104103100850976,0.05733439754096316,0.06779379410019087,0.12489290238459246
Central Asia,Transport,0.13796140011488364,0.19711261589953563,0.18645717293596098,0.35130695734855605
Central Asia,Manual,0.15774053049595588,0.1008974973902052,0.21380204235010883,0.1847020264781437
Central Asia,Cleaning,0.09386211947257159,0.031438282412578636,0.10442310084371194,0.04280173099499479
Central Asia,Tech,0.04462416518369397,0.026810989783352165,0.07103466691570116,0.056397159618934344
Central Asia,ArmedForces,0.002955893138718024,0.0020646941382725546,0.004882704111084977,0.004497573089192741
Eastern Africa,Food,0.729102532412463,0.9012654560670523,0.11678620526629066,0.2467628775006587
Eastern Africa,Health,0.016334454267276775,0.010583238281317247,0.06679630946198675,0.0919708053337414
Eastern Africa,Retail,0.08977440383235433,0.007431863137231778,0.24758779618027285,0.05070620601164646
Eastern Africa,Security,0.01619039488004797,0.0161392693940356,0.06720868757005578,0.14314976403065582
Eastern Africa,Transport,0.022971442129906695,0.023419333309386507,0.07802002021584628,0.1699538931821221
Eastern Africa,Manual,0.049317295273111655,0.03011941392089433,0.1683382347877142,0.22477259449117157
Eastern Africa,Cleaning,0.05761683308557743,0.007414928015867426,0.1787279214427137,0.04110491194880183
Eastern Africa,Tech,0.017113857805012216,0.0028395974363294436,0.06998105310597084,0.02459941148573937
Eastern Africa,ArmedForces,0.0015787863142500038,0.0007869004378854861,0.006553771969148787,0.006979536015462746
Eastern Asia,Food,0.08540381650104548,0.20453324428273814,0.00023638943861978938,0.0
Eastern Asia,Health,0.2271217533263296,0.2598088578158807,0.2865583785134776,0.3678675180030941
Eastern Asia,Retail,0.12113788974139235,0.022363416560049906,0.11756550830439114,0.024359782542042258
Eastern Asia,Security,0.04270816935316517,0.08200518468155006,0.05388812793202955,0.11612344647957275
Eastern Asia,Transport,0.08562259799493578,0.1681429231607676,0.08839350720897945,0.19480810581961444
Eastern Asia,Manual,0.19685582080663733,0.21848070865773617,0.19259205324477366,0.243651672294341
Eastern Asia,Cleaning,0.05996445875551539,0.01889357022729958,0.05477438079262135,0.016721400753636477
Eastern Asia,Tech,0.17610090109082105,0.02089055850998886,0.1995760396720224,0.029555574627197233
Eastern Asia,ArmedForces,0.005084592430157772,0.00488153610398894,0.006415614893085192,0.006912499480501713
Eastern Europe,Food,0.11143840780994936,0.19065072220273097,0.016011507727560208,0.016161296972226485
Eastern Europe,Health,0.1505400741872934,0.16087691515372415,0.18640508297489244,0.21043285155267874
Eastern Europe,Retail,0.16403022440962103,0.022770516641280072,0.16031276485932108,0.023674815354930042
Eastern Europe,Security,0.055274107810362114,0.0799308527358081,0.07034280447775709,0.10803675087140119
Eastern Europe,Transport,0.18294953122751365,0.27057261766793833,0.1904930183048,0.29922008083899954
Eastern Europe,Manual,0.18799207915146296,0.18869125824364313,0.21282256084787882,0.23542021890023704
Eastern Europe,Cleaning,0.05360107873936709,0.01280889153063473,0.049329791738470796,0.010820532496756132
Eastern Europe,Tech,0.08872436414306033,0.06975755850989068,0.10734653429776404,0.09090713810012191
Eastern Europe,ArmedForces,0.005450132521370111,0.003940667314349718,0.006935934771555589,0.005326314912648853
Melanesia,Food,0.5430260119553305,0.838821547249604,0.033957513656180736,0.10774438220794069
Melanesia,Health,0.023037517705343392,0.020290776073804813,0.06791948939463312,0.12312918753139411
Melanesia,Retail,0.30111239249458316,0.02789290707275836,0.5438250097527051,0.1337164889720465
Melanesia,Security,0.02730074412563174,0.03374269947789226,0.0822347229027672,0.21028793729205966
Melanesia,Transport,0.03075222702226612,0.03887243524646337,0.07578916898793081,0.19821025037291462
Melanesia,Manual,0.047253995504396476,0.03403844367152424,0.12328311745067358,0.19092458229969797
Melanesia,Cleaning,0.013092712929179856,0.001182047878747366,0.030944138657279442,0.00460415167666672
Melanesia,Tech,0.01271008422874112,0.004099729288848276,0.03688301879246065,0.024780643526454888
Melanesia,ArmedForces,0.0017143140345276084,0.0010594140403573991,0.005163820405369283,0.006602376120824829
Micronesia,Food,0.3697698760516874,0.5907379891404176,0.10280465010285275,0.14003828669238108
Micronesia,Health,0.05136919616393404,0.04726475814572822,0.08270387134975375,0.10716010661398585
Micronesia,Retail,0.15263797065872126,0.020168276720928992,0.1908809775156743,0.03590704693998807
Micronesia,Security,0.09587105324677488,0.1325098968815533,0.1567661121798053,0.30669208376746593
Micronesia,Transport,0.05128764573106998,0.07249923411882535,0.0686162971146583,0.13728955370707663
Micronesia,Manual,0.18934209383358244,0.10611193401503032,0.27069659258788054,0.21029700917878172
Micronesia,Cleaning,0.04170760179414126,0.008001325944391978,0.05052209179194362,0.011574339844318243
Micronesia,Tech,0.044605018332458904,0.02035030368742461,0.07143420015464669,0.0455879969355784
Micronesia,ArmedForces,0.0034095441876298475,0.002356281345699772,0.005575207202784793,0.00545357632042405
Middle Africa,Food,0.7556524073995877,0.9176877304958929,0.00900490053691974,0.013680060065919219
Middle Africa,Health,0.01717246114882608,0.011813080908693603,0.08451870256613887,0.155889469927082
Middle Africa,Retail,0.13153784343623956,0.011695584137984095,0.48171441609089544,0.1213400038547377
Middle Africa,Security,0.013212040736089576,0.012852483269872315,0.06617055634653077,0.1733454658136882
Middle Africa,Transport,0.023742962927278503,0.02362174053491172,0.097292557725868,0.26066766294654603
Middle Africa,Manual,0.026532369709588215,0.013532004586010676,0.11703120112693094,0.1653123615259663
Middle Africa,Cleaning,0.012862471565548825,0.0012084053634055895,0.049535537384602354,0.010186338420603432
Middle Africa,Tech,0.01634107536779858,0.006155878630483469,0.07997568034224392,0.08025007597700302
Middle Africa,ArmedForces,0.002946367709042918,0.0014330920727456873,0.014756447879869856,0.019328561468454106
Northern Africa,Food,0.3768822606552247,0.6240759057779484,0.024585833513719128,0.032402701148974505
Northern Africa,Health,0.03724020142653697,0.0376564732923982,0.07151682906237593,0.1083512676830226
Northern Africa,Retail,0.22373999830551256,0.025900602776887653,0.30393828398150335,0.059231067182172456
Northern Africa,Security,0.02800251143229467,0.03769277349317123,0.05528962488201694,0.11205755262820669
Northern Africa,Transport,0.1105204519422308,0.1521470726889617,0.17854148254478927,0.3700807228001299
Northern Africa,Manual,0.1360839534915392,0.0895035100398884,0.22687175260060147,0.2314414132933121
Northern Africa,Cleaning,0.03345911377808513,0.008892982522197,0.04635641075789289,0.01652382148900758
Northern Africa,Tech,0.045421293791546996,0.018308869423338033,0.07582034485585146,0.05260368577749127
Northern Africa,ArmedForces,0.008650215177028938,0.005821809985209342,0.017079437801249677,0.01730776799768279
Northern America,Food,0.07779300029301513,0.07683281328494973,0.054397815663920865,0.010416098970375761
Northern America,Health,0.3029886806062454,0.3861328321109495,0.347762966518897,0.4446657856977924
Northern America,Retail,0.16287833147245886,0.026498288709780094,0.146181197685663,0.0243133091240212
Northern America,Security,0.039021923342971825,0.06689797425154156,0.046131403549966025,0.07979626492984387
Northern America,Transport,0.11229801155675855,0.19689568528028878,0.1086200222536969,0.19215673905275016
Northern America,Manual,0.15628972748302808,0.17503665660315837,0.14724135124923257,0.17142631794943464
Northern America,Cleaning,0.04809325810963561,0.014328898573175972,0.04079228529949377,0.010682242245471133
Northern America,Tech,0.09010480318465901,0.04834875797267061,0.09642180014759939,0.05577448369443324
Northern America,ArmedForces,0.010532263951227657,0.009028093213485456,0.012451157631530523,0.010768758335877565
Northern Europe,Food,0.12548413982634588,0.14570581864662263,0.07554090646467272,0.01100213724590728
Northern Europe,Health,0.34059428537359804,0.3646904415358824,0.4025676072265132,0.4522945026210828
Northern Europe,Retail,0.1397560499500014,0.02334081893080987,0.12591998851965727,0.022507473683543392
Northern Europe,Security,0.04229541685907821,0.0746795252055388,0.05036051318727561,0.09361718152304419
Northern Europe,Transport,0.0979678729425967,0.17690974422652986,0.09543998018259424,0.18144942349058674
Northern Europe,Manual,0.1235973592153989,0.14049404044633593,0.12318098218569275,0.1528369965332355
Northern Europe,Cleaning,0.046238495879773266,0.008411964882329313,0.042097797585898024,0.006590699067005526
Northern Europe,Tech,0.07844967448620581,0.060809036793732126,0.07820449839398814,0.07348554430776529
Northern Europe,ArmedForces,0.005616705467001637,0.004958609332219003,0.006687726253707945,0.006216041527829343
Polynesia,Food,0.4533627585684773,0.6564283874360565,0.05481288376294923,0.04041063203461821
Polynesia,Health,0.05031187965102314,0.04217711454671858,0.09929003547611362,0.12876092530349945
Polynesia,Retail,0.13170111475508803,0.015299998807466426,0.20359695241850836,0.03677170190999592
Polynesia,Security,0.0808666665311272,0.09770230874222127,0.16251547266837987,0.3052604306481612
Polynesia,Transport,0.07035376317429654,0.08693255722267114,0.11568107905894862,0.22222758441236726
Polynesia,Manual,0.14363476708884995,0.07428952901255996,0.24151079848482127,0.1875674832372308
Polynesia,Cleaning,0.02654958506795702,0.00305746484803328,0.04107282580387082,0.005970451518862916
Polynesia,Tech,0.038110564674525414,0.021026377799075846,0.07125273823999606,0.06338809617483838
Polynesia,ArmedForces,0.005108900488655611,0.00308626158519705,0.010267214086412155,0.009642694760425874
South America,Food,0.2176531744484336,0.40857300280678516,0.052001561944067964,0.049856663285287886
South America,Health,0.1014050810981423,0.11619864429411517,0.14540125846970617,0.20807897947117526
South America,Retail,0.2445272763974947,0.037047462142034054,0.258560799883403,0.05233013767147256
South America,Security,0.0345415175523616,0.057885000953357614,0.050498709231321284,0.10629254642615248
South America,Transport,0.12393050593364997,0.21240399979664404,0.14824051341304417,0.31911651587994005
South America,Manual,0.1360632357952051,0.13073494981743047,0.16514512130314027,0.2021328350125309
South America,Cleaning,0.08057071028841638,0.0066104700553748855,0.0943154219906624,0.007586633882776039
South America,Tech,0.05604324619970284,0.026134690409075265,0.07813896574304761,0.046504465367509636
South America,ArmedForces,0.0052652522865936574,0.004411779725183273,0.007697648021607084,0.008101223003155198
South-eastern Asia,Food,0.4381506426790248,0.7149435037427788,0.055583290219766726,0.1193006608344578
South-eastern Asia,Health,0.024245494287752422,0.022532393127035522,0.050199649454076956,0.08087796830758427
South-eastern Asia,Retail,0.2567370194775326,0.03152429712683117,0.4020488848831839,0.08933833410035874
South-eastern Asia,Security,0.018938494077349,0.025109293917394117,0.04002929700175675,0.09250608265708464
South-eastern Asia,Transport,0.06736737773058649,0.0913478937321256,0.11650162623346783,0.2753494112701914
South-eastern Asia,Manual,0.1237719002282474,0.09537625524940929,0.21229570666746259,0.2847248316481954
South-eastern Asia,Cleaning,0.039472304208169544,0.008501099794161316,0.06049045868827475,0.019574511006312134
South-eastern Asia,Tech,0.028694874404433877,0.008927166306603153,0.05730932997057078,0.031924812425620744
South-eastern Asia,ArmedForces,0.002621892906903878,0.001738097003660909,0.005541756881439748,0.006403387750194995
Southern Africa,Food,0.2152125091852851,0.4229712688120997,0.037810851367748206,0.09192436003372226
Southern Africa,Health,0.05442434223301109,0.06785482473120313,0.07501389675137123,0.11712157816767965
Southern Africa,Retail,0.08834903713538761,0.013097904411542799,0.09500012503970487,0.01810359250201134
Southern Africa,Security,0.0475944913689939,0.07500434028510533,0.06800154324044148,0.13476983497980335
Southern Africa,Transport,0.11921637345096968,0.1921433902568319,0.13936310364172022,0.2824760129522555
Southern Africa,Manual,0.16725918565084086,0.18041106877079574,0.1922374700625071,0.27174868242865746
Southern Africa,Cleaning,0.19006125793754222,0.0017032133026659466,0.22526526421462173,0.0019127374401198395
Southern Africa,Tech,0.11232869965265313,0.04243762308662944,0.15937221384501118,0.07407962763279416
Southern Africa,ArmedForces,0.005554103385316368,0.004376366343125922,0.007935531836873948,0.007863573862956453
Southern Asia,Food,0.5729716745962676,0.7790059588858894,0.050888295176060264,0.10751464644307739
Southern Asia,Health,0.019838823859566812,0.01613407216367578,0.05401962212514174,0.07708019992798315
Southern Asia,Retail,0.147652996262506,0.015010184478121013,0.3079627368130548,0.05702963875410488
Southern Asia,Security,0.01582743059927049,0.017282121213082847,0.044321984803665344,0.0853601146914877
Southern Asia,Transport,0.07155689237532449,0.07990941249943517,0.16394949313461052,0.32292800164567387
Southern Asia,Manual,0.13161716485290817,0.08387411235213155,0.2812316205532518,0.31119915834806583
Southern Asia,Cleaning,0.019977449330636044,0.002006417372983258,0.04318903749879703,0.0061938294120975615
Southern Asia,Tech,0.01752651814769286,0.0051229049621473125,0.04594927812878221,0.024520918183449758
Southern Asia,ArmedForces,0.0030310499758275356,0.0016548160725335201,0.008487931766636227,0.008173492594059922
Southern Europe,Food,0.14853020542165662,0.27642447612184484,0.02989600993603433,0.01730328494982114
Southern Europe,Health,0.17884671107952108,0.19952242257105332,0.23114381366568612,0.2917923587226333
Southern Europe,Retail,0.208573465727188,0.0332426016036866,0.20738922559485937,0.03822240766699927
Southern Europe,Security,0.04426215790483263,0.07456438314781554,0.058147711565800356,0.1114545536874433
Southern Europe,Transport,0.0981884095557282,0.1691682703591483,0.10553829992991523,0.20688791408408738
Southern Europe,Manual,0.1640761358678071,0.17693606748429203,0.18702807871748917,0.2375385864276659
Southern Europe,Cleaning,0.0734863339312301,0.009335029788052803,0.07559670462100589,0.008720916196542814
Southern Europe,Tech,0.07670806951841594,0.05463391497861538,0.09563260585337315,0.07885318092085825
Southern Europe,ArmedForces,0.007328510993620458,0.006172833945491303,0.009627550115836376,0.009226797343948637
Western Africa,Food,0.5525141577700162,0.801115342511352,0.0672454242958571,0.028487862828770544
Western Africa,Health,0.016391510682766806,0.014583345315156367,0.04043731026947326,0.07981842134640221
Western Africa,Retail,0.18860642008721792,0.021156276918851757,0.35324042868479705,0.0917040176117784
Western Africa,Security,0.012006252881381905,0.014538983432335449,0.030344166650743562,0.08192689844273365
Western Africa,Transport,0.04819183553472227,0.05968426645548816,0.09965314761827458,0.2751706799707447
Western Africa,Manual,0.12127188825675789,0.07346830271724325,0.26760821899868936,0.36384929789075254
Western Africa,Cleaning,0.01692571830373738,0.0030181038189727345,0.031448500964587206,0.01062934894216358
Western Africa,Tech,0.04139288865148032,0.01080100201818231,0.10320061957790609,0.05920379033985299
Western Africa,ArmedForces,0.002699327831919263,0.0016343768124180574,0.006822182939671751,0.009209682626801384
Western Asia,Food,0.2404703389432624,0.40234110000545154,0.043510491992263985,0.024688435483892365
Western Asia,Health,0.09278986971347443,0.08704523940553911,0.13435443347114343,0.1560376319865894
Western Asia,Retail,0.17110367603941007,0.023781359636359196,0.18848706266449877,0.03324485430910572
Western Asia,Security,0.08257791122292678,0.12188095902256628,0.12075100158367513,0.22149655124989795
Western Asia,Transport,0.12458716223832941,0.1880637538588388,0.149056172988176,0.2796314602678457
Western Asia,Manual,0.15553163254739866,0.1286350075545835,0.19247307907186792,0.20357395955942897
Western Asia,Cleaning,0.059757626208900926,0.006493052042815808,0.06852946238566471,0.007374965735539571
Western Asia,Tech,0.06003110777622877,0.03205465161967966,0.08360848981255209,0.05631528680184841
Western Asia,ArmedForces,0.013150675310068628,0.00970487685416621,0.01922980603015806,0.017636854605851734
Western Europe,Food,0.0836716065966304,0.12578438350840876,0.029636774739559266,0.004499488427870329
Western Europe,Health,0.2865256162838513,0.3343573453564262,0.33357974139242236,0.40147081500655
Western Europe,Retail,0.14436814805348544,0.02305409791955588,0.13237865768851065,0.021946508092022924
Western Europe,Security,0.034592509921715156,0.057470934556234046,0.041250395044762314,0.07112281014439495
Western Europe,Transport,0.08941362781019249,0.15192517264673255,0.08723677020131754,0.15382970641623236
Western Europe,Manual,0.18112017335806768,0.20310164080871793,0.18656113916508052,0.22477400952471224
Western Europe,Cleaning,0.06479511783204431,0.005483396774603888,0.06176447179401378,0.0042412154808982045
Western Europe,Tech,0.11002941223905127,0.09426772994823969,0.12105281885368661,0.11247806461098679
Western Europe,ArmedForces,0.0054837879049619625,0.004555298481080997,0.006539231120647016,0.005637382296332098
